"c1","c2","c3","c4","c5","c6","c7","c8","c9","c10","c11","c12","c13"
"Sole DXB","jobs@soledxb.com","Direct Employer","To Contact","","","Country/Region: UAE / Dubai; Category: Creative / culture platform; Source: IMG_9184.HEIC; Move to Dubai direct employers.","Needs Manual Check","","https://soledxb.com","High","Run company careers/LinkedIn check","2026-06-06"
"HTP Global Technologies","hr@myhtptech.com","Direct Employer","To Contact","","","Country/Region: UAE / Dubai; Category: Technology company; Source: IMG_8701.HEIC; Crunchbase result places HTP Global Technologies in Dubai; verify official careers page before outreach.","Needs Manual Check","","https://myhtptech.com","Medium","Run company careers/LinkedIn check","2026-06-06"
"Excellent Webworld","murad@excellentwebworld.com","Direct Employer","To Contact","","","Country/Region: UAE / Global; Category: Software / app development company; Source: IMG_8701.HEIC; Official site lists UAE office plus global locations.","Needs Manual Check","","https://excellentwebworld.com","High","Run company careers/LinkedIn check","2026-06-06"
"2gether","https://2gether.global/careers","Direct Employer","To Contact","","","Country/Region: UAE / GCC / MENA; Category: Company career-link lead; Source: IMG_8705.HEIC; Move from Unknown into UAE/GCC direct-employer research queue.","Needs Manual Check","","https://2gether.global/careers","Low","Run company careers/LinkedIn check","2026-06-06"
"ADNOC Digital","https://adnoc.ae/careers","Direct Employer","To Contact","","","Country/Region: UAE / GCC / MENA; Category: Company career-link lead; Source: IMG_8705.HEIC; Move from Unknown into UAE/GCC direct-employer research queue.","Needs Manual Check","","https://adnoc.ae/careers","Medium","Run company careers/LinkedIn check","2026-06-06"
"Almosafer","https://almosafer.com/careers","Direct Employer","To Contact","","","Country/Region: UAE / GCC / MENA; Category: Company career-link lead; Source: IMG_8704.HEIC; Move from Unknown into UAE/GCC direct-employer research queue.","Needs Manual Check","","https://almosafer.com/careers","Low","Run company careers/LinkedIn check","2026-06-06"
"Beehive","https://beehive.ae/careers","Direct Employer","To Contact","","","Country/Region: UAE / GCC / MENA; Category: Company career-link lead; Source: IMG_8703.HEIC; Move from Unknown into UAE/GCC direct-employer research queue.","Needs Manual Check","","https://beehive.ae/careers","Medium","Run company careers/LinkedIn check","2026-06-06"
"Crafty","https://craftydelivers.com/careers","Direct Employer","To Contact","","","Country/Region: UAE / GCC / MENA; Category: Company career-link lead; Source: IMG_8702.HEIC; Move from Unknown into UAE/GCC direct-employer research queue.","Needs Manual Check","","https://craftydelivers.com/careers","Low","Run company careers/LinkedIn check","2026-06-06"
"Dubizzle","https://dubizzle.com/careers","Direct Employer","To Contact","","","Country/Region: UAE / GCC / MENA; Category: Company career-link lead; Source: IMG_8703.HEIC; Move from Unknown into UAE/GCC direct-employer research queue.","Needs Manual Check","","https://dubizzle.com/careers","Medium","Run company careers/LinkedIn check","2026-06-06"
"Fetchr","https://fetchr.us/careers","Direct Employer","To Contact","","","Country/Region: UAE / GCC / MENA; Category: Company career-link lead; Source: IMG_8702.HEIC; Move from Unknown into UAE/GCC direct-employer research queue.","Needs Manual Check","","https://fetchr.us/careers","Low","Run company careers/LinkedIn check","2026-06-06"
"Flyin","https://flyin.com/careers","Direct Employer","To Contact","","","Country/Region: UAE / GCC / MENA; Category: Company career-link lead; Source: IMG_8704.HEIC; Move from Unknown into UAE/GCC direct-employer research queue.","Needs Manual Check","","https://flyin.com/careers","Low","Run company careers/LinkedIn check","2026-06-06"
"Foodics","https://foodics.com/careers","Direct Employer","To Contact","","","Country/Region: UAE / GCC / MENA; Category: Company career-link lead; Source: IMG_8702.HEIC; Move from Unknown into UAE/GCC direct-employer research queue.","Needs Manual Check","","https://foodics.com/careers","Low","Run company careers/LinkedIn check","2026-06-06"
"G42","https://g42.ai/careers","Direct Employer","To Contact","","","Country/Region: UAE / GCC / MENA; Category: Company career-link lead; Source: IMG_8705.HEIC; Move from Unknown into UAE/GCC direct-employer research queue.","Needs Manual Check","","https://g42.ai/careers","Medium","Run company careers/LinkedIn check","2026-06-06"
"Huspy","https://huspy.com/careers","Direct Employer","To Contact","","","Country/Region: UAE / GCC / MENA; Category: Company career-link lead; Source: IMG_8703.HEIC; Move from Unknown into UAE/GCC direct-employer research queue.","Needs Manual Check","","https://huspy.com/careers","Low","Run company careers/LinkedIn check","2026-06-06"
"Kitopi","https://kitopi.com/careers","Direct Employer","To Contact","","","Country/Region: UAE / GCC / MENA; Category: Company career-link lead; Source: IMG_8702.HEIC; Move from Unknown into UAE/GCC direct-employer research queue.","Needs Manual Check","","https://kitopi.com/careers","Medium","Run company careers/LinkedIn check","2026-06-06"
"Lean Technologies","https://leantech.me/careers","Direct Employer","To Contact","","","Country/Region: UAE / GCC / MENA; Category: Company career-link lead; Source: IMG_8703.HEIC; Move from Unknown into UAE/GCC direct-employer research queue.","Needs Manual Check","","https://leantech.me/careers","Low","Run company careers/LinkedIn check","2026-06-06"
"Mamo Pay","https://mamopay.com/careers","Direct Employer","To Contact","","","Country/Region: UAE / GCC / MENA; Category: Company career-link lead; Source: IMG_8703.HEIC; Move from Unknown into UAE/GCC direct-employer research queue.","Needs Manual Check","","https://mamopay.com/careers","Low","Run company careers/LinkedIn check","2026-06-06"
"Mangopay MENA","https://mangopay.com/careers","Direct Employer","To Contact","","","Country/Region: UAE / GCC / MENA; Category: Company career-link lead; Source: IMG_8703.HEIC; Move from Unknown into UAE/GCC direct-employer research queue.","Needs Manual Check","","https://mangopay.com/careers","Low","Run company careers/LinkedIn check","2026-06-06"
"Now Money","https://nowmoney.me/careers","Direct Employer","To Contact","","","Country/Region: UAE / GCC / MENA; Category: Company career-link lead; Source: IMG_8703.HEIC; Move from Unknown into UAE/GCC direct-employer research queue.","Needs Manual Check","","https://nowmoney.me/careers","Low","Run company careers/LinkedIn check","2026-06-06"
"NymCard","https://nymcard.com/careers","Direct Employer","To Contact","","","Country/Region: UAE / GCC / MENA; Category: Company career-link lead; Source: IMG_8703.HEIC; Move from Unknown into UAE/GCC direct-employer research queue.","Needs Manual Check","","https://nymcard.com/careers","Low","Run company careers/LinkedIn check","2026-06-06"
"Presight AI","https://presight.ai/careers","Direct Employer","To Contact","","","Country/Region: UAE / GCC / MENA; Category: Company career-link lead; Source: IMG_8705.HEIC; Move from Unknown into UAE/GCC direct-employer research queue.","Needs Manual Check","","https://presight.ai/careers","Medium","Run company careers/LinkedIn check","2026-06-06"
"Pyypl","https://pyypl.com/careers","Direct Employer","To Contact","","","Country/Region: UAE / GCC / MENA; Category: Company career-link lead; Source: IMG_8703.HEIC; Move from Unknown into UAE/GCC direct-employer research queue.","Needs Manual Check","","https://pyypl.com/careers","Low","Run company careers/LinkedIn check","2026-06-06"
"Sarwa","https://sarwa.co/careers","Direct Employer","To Contact","","","Country/Region: UAE / GCC / MENA; Category: Company career-link lead; Source: IMG_8703.HEIC; Move from Unknown into UAE/GCC direct-employer research queue.","Needs Manual Check","","https://sarwa.co/careers","Low","Run company careers/LinkedIn check","2026-06-06"
"Spotii","https://spotii.me/careers","Direct Employer","To Contact","","","Country/Region: UAE / GCC / MENA; Category: Company career-link lead; Source: IMG_8704.HEIC; Move from Unknown into UAE/GCC direct-employer research queue.","Needs Manual Check","","https://spotii.me/careers","Low","Run company careers/LinkedIn check","2026-06-06"
"Stake","https://getstake.com/careers","Direct Employer","To Contact","","","Country/Region: UAE / GCC / MENA; Category: Company career-link lead; Source: IMG_8703.HEIC; Move from Unknown into UAE/GCC direct-employer research queue.","Needs Manual Check","","https://getstake.com/careers","Low","Run company careers/LinkedIn check","2026-06-06"
"Swvl","https://swvl.com/careers","Direct Employer","To Contact","","","Country/Region: UAE / GCC / MENA; Category: Company career-link lead; Source: IMG_8702.HEIC; Move from Unknown into UAE/GCC direct-employer research queue.","Needs Manual Check","","https://swvl.com/careers","Low","Run company careers/LinkedIn check","2026-06-06"
"Tabby","https://tabby.ai/careers","Direct Employer","To Contact","","","Country/Region: UAE / GCC / MENA; Category: Company career-link lead; Source: IMG_8704.HEIC; Move from Unknown into UAE/GCC direct-employer research queue.","Needs Manual Check","","https://tabby.ai/careers","Low","Run company careers/LinkedIn check","2026-06-06"
"Tamara","https://tamara.co/careers","Direct Employer","To Contact","","","Country/Region: UAE / GCC / MENA; Category: Company career-link lead; Source: IMG_8704.HEIC; Move from Unknown into UAE/GCC direct-employer research queue.","Needs Manual Check","","https://tamara.co/careers","Low","Run company careers/LinkedIn check","2026-06-06"
"Trukker / Tenderd","https://tenderd.com/careers","Direct Employer","To Contact","","","Country/Region: UAE / GCC / MENA; Category: Company career-link lead; Source: IMG_8702.HEIC; Move from Unknown into UAE/GCC direct-employer research queue.","Needs Manual Check","","https://tenderd.com/careers","Low","Run company careers/LinkedIn check","2026-06-06"
"Wio Bank","https://wio.io/careers","Direct Employer","To Contact","","","Country/Region: UAE / GCC / MENA; Category: Company career-link lead; Source: IMG_8703.HEIC; Move from Unknown into UAE/GCC direct-employer research queue.","Needs Manual Check","","https://wio.io/careers","Medium","Run company careers/LinkedIn check","2026-06-06"
"Yallacompare","https://yallacompare.com/careers","Direct Employer","To Contact","","","Country/Region: UAE / GCC / MENA; Category: Company career-link lead; Source: IMG_8703.HEIC; Move from Unknown into UAE/GCC direct-employer research queue.","Needs Manual Check","","https://yallacompare.com/careers","Low","Run company careers/LinkedIn check","2026-06-06"
"YAP","https://yap.com/careers","Direct Employer","To Contact","","","Country/Region: UAE / GCC / MENA; Category: Company career-link lead; Source: IMG_8703.HEIC; Move from Unknown into UAE/GCC direct-employer research queue.","Needs Manual Check","","https://yap.com/careers","Low","Run company careers/LinkedIn check","2026-06-06"
"Ziina","https://ziina.com/careers","Direct Employer","To Contact","","","Country/Region: UAE / GCC / MENA; Category: Company career-link lead; Source: IMG_8703.HEIC; Move from Unknown into UAE/GCC direct-employer research queue.","Needs Manual Check","","https://ziina.com/careers","Low","Run company careers/LinkedIn check","2026-06-06"
