Country / Region	Type	Company / Agency	Company Description	Contact Person	Email Sent To	Email / Contact	Phone / WhatsApp	Role Applied For	Status	Date Email Sent	Date Applied	Follow-up Date	Reply Status	Confidence	Needs Manual Review	Recommended Action	Source	Notes	URLs	Last Gmail Thread ID	Last Gmail Message ID
UAE / Dubai	Direct Employer	2gether	Company career-link lead			https://2gether.global/careers			To Contact					Low	Yes	Run company careers/LinkedIn check	Current Master Job Tracker; Screenshot proposal: uae-dubai-proposed.csv; IMG_8705.HEIC; Screenshot proposal: proposed-tracker-rows-from-unknown.csv	Country/Region: UAE / GCC / MENA | Category: Company career-link lead | Source: IMG_8705.HEIC | Move from Unknown into UAE/GCC direct-employer research queue.	https://2gether.global/careers; 2gether.global/careers; OCR career-link list from screenshot; web/source verification still needed before applying.		
UAE / Dubai	Direct Employer	Abb	Unclassified lead			careers@abb.com			To Contact					Medium	Yes	Verify OCR email/domain before outreach	Raw OCR: IMG_8045.HEIC	OCR raw safety-net row from screenshot; verify before outreach. | ELECTRICAL | ENGINEERING | 1. Siemens UAE - careers@siemens.com | 2. ABB Middle East — careers@abb.com | I | | 8 3. Schneider Electric - careers@se.com | i £8			
UAE / Dubai	Direct Employer	Accor Hotels UAE				hrd@accor.com			To Contact					Unknown	Yes	Run company careers/LinkedIn check	Current Master Job Tracker; Original tracker: Job Application Data Extraction; Original tracker: Sheet1				
UAE / Dubai	Direct Employer	ADCB				careers@adcb.com			Applied					Unknown	Yes	Run company careers/LinkedIn check	Original tracker: Job Application Data Extraction; Original tracker: Sheet1				
UAE / Dubai	Direct Employer	Admsuae	Unclassified lead			info@admsuae.com			To Contact					Medium	Yes	Verify OCR email/domain before outreach	Raw OCR: IMG_8334.HEIC	OCR raw safety-net row from screenshot; verify before outreach. 20. info@inspireselection.com | | 21. dxbjobs@tascoutsourcing.com | 22. request@tascoutsourcing.com | 23. info@tascoutsourcing.com			
UAE / Dubai	Direct Employer	ADNOC Digital	Company career-link lead			https://adnoc.ae/careers			To Contact					Medium	No	Run company careers/LinkedIn check	Current Master Job Tracker; Screenshot proposal: uae-dubai-proposed.csv; IMG_8705.HEIC; Screenshot proposal: proposed-tracker-rows-from-unknown.csv	Country/Region: UAE / GCC / MENA | Category: Company career-link lead | Source: IMG_8705.HEIC | Move from Unknown into UAE/GCC direct-employer research queue.	https://adnoc.ae/careers; adnoc.ae/careers; OCR career-link list from screenshot; web/source verification still needed before applying.		
UAE / Dubai	Direct Employer	AECOM UAE				https://ae-careers.aecom.com/			To Contact					Unknown	Yes	Run company careers/LinkedIn check	Current Master Job Tracker; Original tracker: Job Application Data Extraction; Original tracker: Sheet1				
UAE / Dubai	Direct Employer	Akrs	Unclassified lead			info@akrs.ae			To Contact					Medium	Yes	Verify OCR email/domain before outreach	Raw OCR: IMG_8334.HEIC	OCR raw safety-net row from screenshot; verify before outreach. 20. info@inspireselection.com | | 21. dxbjobs@tascoutsourcing.com | 22. request@tascoutsourcing.com | 23. info@tascoutsourcing.com			
UAE / Dubai	Direct Employer	Alec	Unclassified lead			careers@alec.ae			To Contact					Medium	Yes	Verify OCR email/domain before outreach	Raw OCR: IMG_8045.HEIC	OCR raw safety-net row from screenshot; verify before outreach. | ELECTRICAL | ENGINEERING | 1. Siemens UAE - careers@siemens.com | 2. ABB Middle East — careers@abb.com | I | | 8 3. Schneider Electric - careers@se.com | i £8			
UAE / Dubai	Direct Employer	Aljadaalmushriqa	Unclassified lead			hr@aljadaalmushriqa.ae	+971565580898; +971561123978 5		To Contact					High	Yes	Verify OCR email/domain before outreach	Raw OCR: IMG_8700.HEIC	OCR raw safety-net row from screenshot; verify before outreach. Email IDs of MARKETING SECTOR in Dubai == | gmgmedical09@gmail.com | careers@lifepharmafze.com 0 | 1 hr@aljadaalmushriqa.ae F |			
UAE / Dubai	Direct Employer	Almosafer	Company career-link lead			https://almosafer.com/careers			To Contact					Low	Yes	Run company careers/LinkedIn check	Current Master Job Tracker; Screenshot proposal: uae-dubai-proposed.csv; IMG_8704.HEIC; Screenshot proposal: proposed-tracker-rows-from-unknown.csv	Country/Region: UAE / GCC / MENA | Category: Company career-link lead | Source: IMG_8704.HEIC | Move from Unknown into UAE/GCC direct-employer research queue.	https://almosafer.com/careers; almosafer.com/careers; OCR career-link list from screenshot; web/source verification still needed before applying.		
UAE / Dubai	Direct Employer	Alnaboodah	Unclassified lead			careers@alnaboodah.com			To Contact					Medium	Yes	Verify OCR email/domain before outreach	Raw OCR: IMG_8045.HEIC	OCR raw safety-net row from screenshot; verify before outreach. | ELECTRICAL | ENGINEERING | 1. Siemens UAE - careers@siemens.com | 2. ABB Middle East — careers@abb.com | I | | 8 3. Schneider Electric - careers@se.com | i £8			
UAE / Dubai	Direct Employer	Amazon	Unclassified lead			hirihng@amazon.com			To Contact					Medium	Yes	Verify OCR email/domain before outreach	Raw OCR: IMG_8044.HEIC	OCR raw safety-net row from screenshot; verify before outreach. il | | | oes | \ TECH | SOFTWARE | DIGITAL | yr 1. Google UAE - careers@google.com a | 2. Microsoft Gulf — careers@microsoft.com JR			
UAE / Dubai	Direct Employer	Amazon UAE				aws-careers-emea@amazon.com; hiring@amazon.com		Sr Product Designer found outside UAE	To Contact					Low	Yes	Skip unless open to non-UAE	Current Master Job Tracker; Original tracker: Job Application Data Extraction; Original tracker: Sheet1		https://www.amazon.jobs/jobs/3173021		
UAE / Dubai	Direct Employer	Asgcgroup	Unclassified lead			hr@asgcgroup.com			To Contact					Medium	Yes	Verify OCR email/domain before outreach	Raw OCR: IMG_8045.HEIC	OCR raw safety-net row from screenshot; verify before outreach. | ELECTRICAL | ENGINEERING | 1. Siemens UAE - careers@siemens.com | 2. ABB Middle East — careers@abb.com | I | | 8 3. Schneider Electric - careers@se.com | i £8			
UAE / Dubai	Direct Employer	Asrs	Unclassified lead			info@asrs.ae			To Contact					Medium	Yes	Verify OCR email/domain before outreach	Raw OCR: IMG_8334.HEIC	OCR raw safety-net row from screenshot; verify before outreach. 20. info@inspireselection.com | | 21. dxbjobs@tascoutsourcing.com | 22. request@tascoutsourcing.com | 23. info@tascoutsourcing.com			
UAE / Dubai	Direct Employer	Aster DM Healthcare				careers@asterhospital.com			To Contact					Unknown	Yes	Run company careers/LinkedIn check	Original tracker: Job Application Data Extraction; Original tracker: Sheet1				
UAE / Dubai	Direct Employer	Bayt	Unclassified lead			hr@bayt.com			To Contact					Medium	Yes	Verify OCR email/domain before outreach	Raw OCR: IMG_8044.HEIC	OCR raw safety-net row from screenshot; verify before outreach. il | | | oes | \ TECH | SOFTWARE | DIGITAL | yr 1. Google UAE - careers@google.com a | 2. Microsoft Gulf — careers@microsoft.com JR			
UAE / Dubai	Direct Employer	Bayt.com				hr@bayt.com			To Contact					Unknown	Yes	Run company careers/LinkedIn check	Original tracker: Job Application Data Extraction; Original tracker: Sheet1				
UAE / Dubai	Direct Employer	Beehive	Company career-link lead			https://beehive.ae/careers			To Contact					Medium	No	Run company careers/LinkedIn check	Current Master Job Tracker; Screenshot proposal: uae-dubai-proposed.csv; IMG_8703.HEIC; Screenshot proposal: proposed-tracker-rows-from-unknown.csv	Country/Region: UAE / GCC / MENA | Category: Company career-link lead | Source: IMG_8703.HEIC | Move from Unknown into UAE/GCC direct-employer research queue.	https://beehive.ae/careers; beehive.ae/careers; OCR career-link list from screenshot; web/source verification still needed before applying.		
UAE / Dubai	Direct Employer	Careem	Company career-link lead			careers@careem.com; https://jobs.careem.com/		Senior Product Designer; Senior Product Designer - Design System	To Contact					High	Yes	Tailor resume and apply on company site	Current Master Job Tracker; Original tracker: Job Application Data Extraction; Original tracker: Sheet1; Screenshot proposal: proposed-tracker-rows-from-unknown.csv; IMG_8702.HEIC; Raw OCR: IMG_8044.HEIC	Move from Unknown into UAE/GCC direct-employer research queue. | OCR raw safety-net row from screenshot | verify before outreach. il | oes | \ TECH | SOFTWARE | DIGITAL | yr 1. Google UAE - careers@google.com a | 2. Microsoft Gulf — careers@microsoft.com JR	https://tenurecareers.io/jobs/senior-product-designer-careem-dubai; https://designproject.io/jobs/jobs/senior-product-designer-at-careem-ub5m1e; careem.com/careers; OCR career-link list from screenshot; web/source verification still needed before applying.		
UAE / Dubai	Direct Employer	Carrefour UAE				https://www.carrefouruaecareers.com/			To Contact					Unknown	Yes	Run company careers/LinkedIn check	Current Master Job Tracker; Original tracker: Job Application Data Extraction; Original tracker: Sheet1				
UAE / Dubai	Direct Employer	Cig	Unclassified lead			info@cig.ae			To Contact					Medium	Yes	Verify OCR email/domain before outreach	Raw OCR: IMG_8334.HEIC	OCR raw safety-net row from screenshot; verify before outreach. 20. info@inspireselection.com | | 21. dxbjobs@tascoutsourcing.com | 22. request@tascoutsourcing.com | 23. info@tascoutsourcing.com			
UAE / Dubai	Direct Employer	Crafty	Company career-link lead			https://craftydelivers.com/careers			To Contact					Low	Yes	Run company careers/LinkedIn check	Current Master Job Tracker; Screenshot proposal: uae-dubai-proposed.csv; IMG_8702.HEIC; Screenshot proposal: proposed-tracker-rows-from-unknown.csv	Country/Region: UAE / GCC / MENA | Category: Company career-link lead | Source: IMG_8702.HEIC | Move from Unknown into UAE/GCC direct-employer research queue.	https://craftydelivers.com/careers; craftydelivers.com/careers; OCR career-link list from screenshot; web/source verification still needed before applying.		
UAE / Dubai	Direct Employer	DAMAC Properties				careers@damacgroup.com			To Contact					Unknown	Yes	Run company careers/LinkedIn check	Original tracker: Job Application Data Extraction; Original tracker: Sheet1				
UAE / Dubai	Direct Employer	Deloitte Middle East				careers@deloitte.com			To Contact					Unknown	Yes	Run company careers/LinkedIn check	Current Master Job Tracker; Original tracker: Job Application Data Extraction; Original tracker: Sheet1				
UAE / Dubai	Direct Employer	Derbygroup	Unclassified lead			info@derbygroup.ae			To Contact					Medium	Yes	Verify OCR email/domain before outreach	Raw OCR: IMG_8334.HEIC	OCR raw safety-net row from screenshot; verify before outreach. 20. info@inspireselection.com | | 21. dxbjobs@tascoutsourcing.com | 22. request@tascoutsourcing.com | 23. info@tascoutsourcing.com			
UAE / Dubai	Direct Employer	DEWA				recruitment@dewa.gov.ae			To Contact					Unknown	Yes	Run company careers/LinkedIn check	Current Master Job Tracker; Original tracker: Job Application Data Extraction; Original tracker: Sheet1				
UAE / Dubai	Direct Employer	DP World				careers@dpworld.com			To Contact					Unknown	Yes	Run company careers/LinkedIn check	Original tracker: Job Application Data Extraction; Original tracker: Sheet1				
UAE / Dubai	Direct Employer	du Telecom				careers@du.ae			To Contact					Unknown	Yes	Run company careers/LinkedIn check	Current Master Job Tracker; Original tracker: Job Application Data Extraction; Original tracker: Sheet1				
UAE / Dubai	Direct Employer	Dubai Airports				careers@dubaiairports.ae			To Contact					Unknown	Yes	Run company careers/LinkedIn check	Current Master Job Tracker; Original tracker: Job Application Data Extraction; Original tracker: Sheet1				
UAE / Dubai	Direct Employer	Dubai Municipality				careers@dm.gov.ae			To Contact					Unknown	Yes	Run company careers/LinkedIn check	Current Master Job Tracker; Original tracker: Job Application Data Extraction; Original tracker: Sheet1				
UAE / Dubai	Direct Employer	Dubizzle	Company career-link lead			https://dubizzle.com/careers			To Contact					Medium	No	Run company careers/LinkedIn check	Current Master Job Tracker; Screenshot proposal: uae-dubai-proposed.csv; IMG_8703.HEIC; Screenshot proposal: proposed-tracker-rows-from-unknown.csv	Country/Region: UAE / GCC / MENA | Category: Company career-link lead | Source: IMG_8703.HEIC | Move from Unknown into UAE/GCC direct-employer research queue.	https://dubizzle.com/careers; dubizzle.com/careers; OCR career-link list from screenshot; web/source verification still needed before applying.		
UAE / Dubai	Direct Employer	Dutco	Unclassified lead			careers@dutco.com			To Contact					Medium	Yes	Verify OCR email/domain before outreach	Raw OCR: IMG_8045.HEIC	OCR raw safety-net row from screenshot; verify before outreach. | ELECTRICAL | ENGINEERING | 1. Siemens UAE - careers@siemens.com | 2. ABB Middle East — careers@abb.com | I | | 8 3. Schneider Electric - careers@se.com | i £8			
UAE / Dubai	Direct Employer	Emaar Properties				careers@emaar.ae; https://www.emaar.com/en/careers			To Contact					Unknown	Yes	Run company careers/LinkedIn check	Current Master Job Tracker; Original tracker: Job Application Data Extraction; Original tracker: Sheet1				
UAE / Dubai	Direct Employer	Emirates Group	Unclassified lead			careers@emirates.com; https://www.emiratesgroupcareers.com/; mansoor@emirates.net.ae			To Contact					Medium	Yes	Run company careers/LinkedIn check	Original tracker: Job Application Data Extraction; Original tracker: Sheet1; Raw OCR: IMG_8334.HEIC	OCR raw safety-net row from screenshot | verify before outreach. 20. info@inspireselection.com | 21. dxbjobs@tascoutsourcing.com | 22. request@tascoutsourcing.com | 23. info@tascoutsourcing.com			
UAE / Dubai	Direct Employer	Emirates NBD				careers@emiratesnbd.com			To Contact					Unknown	Yes	Run company careers/LinkedIn check	Original tracker: Job Application Data Extraction; Original tracker: Sheet1				
UAE / Dubai	Direct Employer	Etisalat				careers@etisalat.ae			To Contact					Unknown	Yes	Run company careers/LinkedIn check	Current Master Job Tracker; Original tracker: Job Application Data Extraction; Original tracker: Sheet1				
UAE / Dubai	Direct Employer	Etisalat (e&)				careers@etisalat.ae; https://careers.etisalat.ae/			To Contact					Unknown	Yes	Run company careers/LinkedIn check	Current Master Job Tracker; Original tracker: Job Application Data Extraction; Original tracker: Sheet1				
UAE / Dubai	Direct Employer	EVOQ (Real Estate)				WhatsApp: +971523321256			To Contact					Unknown	Yes	Run company careers/LinkedIn check	Original tracker: Job Application Data Extraction; Original tracker: Sheet1				
UAE / Dubai	Direct Employer	Excellent Webworld	Software / app development company			murad@excellentwebworld.com			To Contact					High	No	Run company careers/LinkedIn check	Current Master Job Tracker; Screenshot proposal: uae-dubai-proposed.csv; IMG_8701.HEIC; Screenshot proposal: proposed-tracker-rows-from-unknown.csv	Country/Region: UAE / Global | Category: Software / app development company | Source: IMG_8701.HEIC | Official site lists UAE office plus global locations.	https://excellentwebworld.com; excellentwebworld.com; https://www.excellentwebworld.com/contact-us/		
UAE / Dubai	Direct Employer	Excellentwebworld	Job lead / direct employer			murad@excellentwebworld.com	Whatsapp: 4971509562357; Whatsapp: 0522516435; Whatsapp: 0567606658		To Contact					High	Yes	Verify OCR email/domain before outreach	Raw OCR: IMG_8701.HEIC	OCR raw safety-net row from screenshot; verify before outreach. Here is the list of IT SECTOR COMPANIES that are | HIRING: | careers@ontimeuae.ae | REKHA.Y@PARAMINFO.COM			
UAE / Dubai	Direct Employer	EY UAE				careers@ae.ey.com			To Contact					Unknown	Yes	Run company careers/LinkedIn check	Current Master Job Tracker; Original tracker: Job Application Data Extraction; Original tracker: Sheet1				
UAE / Dubai	Direct Employer	Fetchr	Company career-link lead			https://fetchr.us/careers			To Contact					Low	Yes	Run company careers/LinkedIn check	Current Master Job Tracker; Screenshot proposal: uae-dubai-proposed.csv; IMG_8702.HEIC; Screenshot proposal: proposed-tracker-rows-from-unknown.csv	Country/Region: UAE / GCC / MENA | Category: Company career-link lead | Source: IMG_8702.HEIC | Move from Unknown into UAE/GCC direct-employer research queue.	https://fetchr.us/careers; fetchr.us/careers; OCR career-link list from screenshot; web/source verification still needed before applying.		
UAE / Dubai	Direct Employer	Flydubai				careers@flydubai.com			To Contact					Unknown	Yes	Run company careers/LinkedIn check	Current Master Job Tracker; Original tracker: Job Application Data Extraction; Original tracker: Sheet1				
UAE / Dubai	Direct Employer	Flyin	Company career-link lead			https://flyin.com/careers			To Contact					Low	Yes	Run company careers/LinkedIn check	Current Master Job Tracker; Screenshot proposal: uae-dubai-proposed.csv; IMG_8704.HEIC; Screenshot proposal: proposed-tracker-rows-from-unknown.csv	Country/Region: UAE / GCC / MENA | Category: Company career-link lead | Source: IMG_8704.HEIC | Move from Unknown into UAE/GCC direct-employer research queue.	https://flyin.com/careers; flyin.com/careers; OCR career-link list from screenshot; web/source verification still needed before applying.		
UAE / Dubai	Direct Employer	Foodics	Company career-link lead			https://foodics.com/careers			To Contact					Low	Yes	Run company careers/LinkedIn check	Current Master Job Tracker; Screenshot proposal: uae-dubai-proposed.csv; IMG_8702.HEIC; Screenshot proposal: proposed-tracker-rows-from-unknown.csv	Country/Region: UAE / GCC / MENA | Category: Company career-link lead | Source: IMG_8702.HEIC | Move from Unknown into UAE/GCC direct-employer research queue.	https://foodics.com/careers; foodics.com/careers; OCR career-link list from screenshot; web/source verification still needed before applying.		
UAE / Dubai	Direct Employer	G42	Company career-link lead			https://g42.ai/careers			To Contact					Medium	No	Run company careers/LinkedIn check	Current Master Job Tracker; Screenshot proposal: uae-dubai-proposed.csv; IMG_8705.HEIC; Screenshot proposal: proposed-tracker-rows-from-unknown.csv	Country/Region: UAE / GCC / MENA | Category: Company career-link lead | Source: IMG_8705.HEIC | Move from Unknown into UAE/GCC direct-employer research queue.	https://g42.ai/careers; g42.ai/careers; OCR career-link list from screenshot; web/source verification still needed before applying.		
UAE / Dubai	Direct Employer	Gmail contact lead	Unclassified lead			gmgmedical09@gmail.com	+971565580898; +971561123978 5		To Contact					High	Yes	Verify OCR email/domain before outreach	Raw OCR: IMG_8700.HEIC	OCR raw safety-net row from screenshot; verify before outreach. Email IDs of MARKETING SECTOR in Dubai == | gmgmedical09@gmail.com | careers@lifepharmafze.com 0 | 1 hr@aljadaalmushriqa.ae F |			
UAE / Dubai	Direct Employer	Google	Unclassified lead			careers@google.com			To Contact					Medium	Yes	Verify OCR email/domain before outreach	Raw OCR: IMG_8044.HEIC	OCR raw safety-net row from screenshot; verify before outreach. il | | | oes | \ TECH | SOFTWARE | DIGITAL | yr 1. Google UAE - careers@google.com a | 2. Microsoft Gulf — careers@microsoft.com JR			
UAE / Dubai	Direct Employer	Google UAE				careers@google.com			To Contact					Low	Yes	Monitor careers	Current Master Job Tracker; Original tracker: Job Application Data Extraction; Original tracker: Sheet1				
UAE / Dubai	Direct Employer	Hays	Unclassified lead			clientmiddleeast@hays.com			To Contact					Medium	Yes	Verify OCR email/domain before outreach	Raw OCR: IMG_8334.HEIC	OCR raw safety-net row from screenshot; verify before outreach. 20. info@inspireselection.com | | 21. dxbjobs@tascoutsourcing.com | 22. request@tascoutsourcing.com | 23. info@tascoutsourcing.com			
UAE / Dubai	Direct Employer	Hilton Hotels UAE				uajobs@hilton.com			To Contact					Unknown	Yes	Run company careers/LinkedIn check	Current Master Job Tracker; Original tracker: Job Application Data Extraction; Original tracker: Sheet1				
UAE / Dubai	Direct Employer	HSBC UAE				careersuae@hsbc.com			To Contact					Unknown	Yes	Run company careers/LinkedIn check	Current Master Job Tracker; Original tracker: Job Application Data Extraction; Original tracker: Sheet1				
UAE / Dubai	Direct Employer	HTP Global Technologies	Technology company			hr@myhtptech.com			To Contact					Medium	No	Run company careers/LinkedIn check	Current Master Job Tracker; Screenshot proposal: uae-dubai-proposed.csv; IMG_8701.HEIC; Screenshot proposal: proposed-tracker-rows-from-unknown.csv	Country/Region: UAE / Dubai | Category: Technology company | Source: IMG_8701.HEIC | Crunchbase result places HTP Global Technologies in Dubai | verify official careers page before outreach.	https://myhtptech.com; myhtptech.com; https://www.crunchbase.com/organization/htp-global-technologies		
UAE / Dubai	Direct Employer	Huspy	Company career-link lead			https://huspy.com/careers			To Contact					Low	Yes	Run company careers/LinkedIn check	Current Master Job Tracker; Screenshot proposal: uae-dubai-proposed.csv; IMG_8703.HEIC; Screenshot proposal: proposed-tracker-rows-from-unknown.csv	Country/Region: UAE / GCC / MENA | Category: Company career-link lead | Source: IMG_8703.HEIC | Move from Unknown into UAE/GCC direct-employer research queue.	https://huspy.com/careers; huspy.com/careers; OCR career-link list from screenshot; web/source verification still needed before applying.		
UAE / Dubai	Direct Employer	Ikonsult	Job lead / direct employer			hiring@ikonsult.in	Whatsapp: 4971509562357; Whatsapp: 0522516435; Whatsapp: 0567606658		To Contact					High	Yes	Verify OCR email/domain before outreach	Raw OCR: IMG_8701.HEIC	OCR raw safety-net row from screenshot; verify before outreach. Here is the list of IT SECTOR COMPANIES that are | HIRING: | careers@ontimeuae.ae | REKHA.Y@PARAMINFO.COM			
UAE / Dubai	Direct Employer	Jumeirah Group				careers@jumeirah.com			To Contact					Unknown	Yes	Run company careers/LinkedIn check	Original tracker: Job Application Data Extraction; Original tracker: Sheet1				
UAE / Dubai	Direct Employer	Khansaheb	Unclassified lead			careers@khansaheb.ae			To Contact					Medium	Yes	Verify OCR email/domain before outreach	Raw OCR: IMG_8045.HEIC	OCR raw safety-net row from screenshot; verify before outreach. | ELECTRICAL | ENGINEERING | 1. Siemens UAE - careers@siemens.com | 2. ABB Middle East — careers@abb.com | I | | 8 3. Schneider Electric - careers@se.com | i £8			
UAE / Dubai	Direct Employer	Kitopi	Company career-link lead			https://kitopi.com/careers			To Contact					Medium	No	Run company careers/LinkedIn check	Current Master Job Tracker; Screenshot proposal: uae-dubai-proposed.csv; IMG_8702.HEIC; Screenshot proposal: proposed-tracker-rows-from-unknown.csv	Country/Region: UAE / GCC / MENA | Category: Company career-link lead | Source: IMG_8702.HEIC | Move from Unknown into UAE/GCC direct-employer research queue.	https://kitopi.com/careers; kitopi.com/careers; OCR career-link list from screenshot; web/source verification still needed before applying.		
UAE / Dubai	Direct Employer	KPMG UAE				careers@kpmg.com			To Contact					Unknown	Yes	Run company careers/LinkedIn check	Current Master Job Tracker; Original tracker: Job Application Data Extraction; Original tracker: Sheet1				
UAE / Dubai	Direct Employer	Larsentoubro	Unclassified lead			infodesk@larsentoubro.com			To Contact					Medium	Yes	Verify OCR email/domain before outreach	Raw OCR: IMG_8045.HEIC	OCR raw safety-net row from screenshot; verify before outreach. | ELECTRICAL | ENGINEERING | 1. Siemens UAE - careers@siemens.com | 2. ABB Middle East — careers@abb.com | I | | 8 3. Schneider Electric - careers@se.com | i £8			
UAE / Dubai	Direct Employer	Latinumhr	Job lead / direct employer			jobs@latinumhr.com	Whatsapp: 4971509562357; Whatsapp: 0522516435; Whatsapp: 0567606658		To Contact					High	Yes	Verify OCR email/domain before outreach	Raw OCR: IMG_8701.HEIC	OCR raw safety-net row from screenshot; verify before outreach. Here is the list of IT SECTOR COMPANIES that are | HIRING: | careers@ontimeuae.ae | REKHA.Y@PARAMINFO.COM			
UAE / Dubai	Direct Employer	Lean Technologies	Company career-link lead			https://leantech.me/careers			To Contact					Low	Yes	Run company careers/LinkedIn check	Current Master Job Tracker; Screenshot proposal: uae-dubai-proposed.csv; IMG_8703.HEIC; Screenshot proposal: proposed-tracker-rows-from-unknown.csv	Country/Region: UAE / GCC / MENA | Category: Company career-link lead | Source: IMG_8703.HEIC | Move from Unknown into UAE/GCC direct-employer research queue.	https://leantech.me/careers; leantech.me/careers; OCR career-link list from screenshot; web/source verification still needed before applying.		
UAE / Dubai	Direct Employer	Lifepharmafze	Unclassified lead			careers@lifepharmafze.com	+971565580898; +971561123978 5		To Contact					High	Yes	Verify OCR email/domain before outreach	Raw OCR: IMG_8700.HEIC	OCR raw safety-net row from screenshot; verify before outreach. Email IDs of MARKETING SECTOR in Dubai == | gmgmedical09@gmail.com | careers@lifepharmafze.com 0 | 1 hr@aljadaalmushriqa.ae F |			
UAE / Dubai	Direct Employer	Majid Al Futtaim				https://careers.majidalfuttaim.com/			To Contact					Unknown	Yes	Run company careers/LinkedIn check	Original tracker: Job Application Data Extraction; Original tracker: Sheet1				
UAE / Dubai	Direct Employer	Mamo Pay	Company career-link lead			https://mamopay.com/careers			To Contact					Low	Yes	Run company careers/LinkedIn check	Current Master Job Tracker; Screenshot proposal: uae-dubai-proposed.csv; IMG_8703.HEIC; Screenshot proposal: proposed-tracker-rows-from-unknown.csv	Country/Region: UAE / GCC / MENA | Category: Company career-link lead | Source: IMG_8703.HEIC | Move from Unknown into UAE/GCC direct-employer research queue.	https://mamopay.com/careers; mamopay.com/careers; OCR career-link list from screenshot; web/source verification still needed before applying.		
UAE / Dubai	Direct Employer	Mangopay MENA	Company career-link lead			https://mangopay.com/careers			To Contact					Low	Yes	Run company careers/LinkedIn check	Current Master Job Tracker; Screenshot proposal: uae-dubai-proposed.csv; IMG_8703.HEIC; Screenshot proposal: proposed-tracker-rows-from-unknown.csv	Country/Region: UAE / GCC / MENA | Category: Company career-link lead | Source: IMG_8703.HEIC | Move from Unknown into UAE/GCC direct-employer research queue.	https://mangopay.com/careers; mangopay.com/careers; OCR career-link list from screenshot; web/source verification still needed before applying.		
UAE / Dubai	Direct Employer	Marriott International UAE				careers@marriott.com			To Contact					Unknown	Yes	Run company careers/LinkedIn check	Current Master Job Tracker; Original tracker: Job Application Data Extraction; Original tracker: Sheet1				
UAE / Dubai	Direct Employer	Mashreq Bank				careers@mashreqbank.com			To Contact					Unknown	Yes	Run company careers/LinkedIn check	Original tracker: Job Application Data Extraction; Original tracker: Sheet1				
UAE / Dubai	Direct Employer	Mediclinic Middle East				recruitment@mediclinic.ae			To Contact					Unknown	Yes	Run company careers/LinkedIn check	Current Master Job Tracker; Original tracker: Job Application Data Extraction; Original tracker: Sheet1				
UAE / Dubai	Direct Employer	Microsoft	Unclassified lead			careers@microsoft.com			To Contact					Medium	Yes	Verify OCR email/domain before outreach	Raw OCR: IMG_8044.HEIC	OCR raw safety-net row from screenshot; verify before outreach. il | | | oes | \ TECH | SOFTWARE | DIGITAL | yr 1. Google UAE - careers@google.com a | 2. Microsoft Gulf — careers@microsoft.com JR			
UAE / Dubai	Direct Employer	Microsoft Gulf				careers@microsoft.com			To Contact					Unknown	Yes	Run company careers/LinkedIn check	Original tracker: Job Application Data Extraction; Original tracker: Sheet1				
UAE / Dubai	Direct Employer	Myhtptech	Job lead / direct employer			hr@myhtptech.com	Whatsapp: 4971509562357; Whatsapp: 0522516435; Whatsapp: 0567606658		To Contact					High	Yes	Verify OCR email/domain before outreach	Raw OCR: IMG_8701.HEIC	OCR raw safety-net row from screenshot; verify before outreach. Here is the list of IT SECTOR COMPANIES that are | HIRING: | careers@ontimeuae.ae | REKHA.Y@PARAMINFO.COM			
UAE / Dubai	Direct Employer	Nakheel				careers@nakheel.com			To Contact					Unknown	Yes	Run company careers/LinkedIn check	Original tracker: Job Application Data Extraction; Original tracker: Sheet1				
UAE / Dubai	Direct Employer	Noon	Unclassified lead			talent@noon.com; careers@noon.com			To Contact					Medium	Yes	Run company careers/LinkedIn check	Original tracker: Job Application Data Extraction; Original tracker: Sheet1; Raw OCR: IMG_8044.HEIC	OCR raw safety-net row from screenshot | verify before outreach. il | oes | \ TECH | SOFTWARE | DIGITAL | yr 1. Google UAE - careers@google.com a | 2. Microsoft Gulf — careers@microsoft.com JR			
UAE / Dubai	Direct Employer	Now Money	Company career-link lead			https://nowmoney.me/careers			To Contact					Low	Yes	Run company careers/LinkedIn check	Current Master Job Tracker; Screenshot proposal: uae-dubai-proposed.csv; IMG_8703.HEIC; Screenshot proposal: proposed-tracker-rows-from-unknown.csv	Country/Region: UAE / GCC / MENA | Category: Company career-link lead | Source: IMG_8703.HEIC | Move from Unknown into UAE/GCC direct-employer research queue.	https://nowmoney.me/careers; nowmoney.me/careers; OCR career-link list from screenshot; web/source verification still needed before applying.		
UAE / Dubai	Direct Employer	NymCard	Company career-link lead			https://nymcard.com/careers			To Contact					Low	Yes	Run company careers/LinkedIn check	Current Master Job Tracker; Screenshot proposal: uae-dubai-proposed.csv; IMG_8703.HEIC; Screenshot proposal: proposed-tracker-rows-from-unknown.csv	Country/Region: UAE / GCC / MENA | Category: Company career-link lead | Source: IMG_8703.HEIC | Move from Unknown into UAE/GCC direct-employer research queue.	https://nymcard.com/careers; nymcard.com/careers; OCR career-link list from screenshot; web/source verification still needed before applying.		
UAE / Dubai	Direct Employer	Ontimeuae	Job lead / direct employer			careers@ontimeuae.ae	Whatsapp: 4971509562357; Whatsapp: 0522516435; Whatsapp: 0567606658		To Contact					High	Yes	Verify OCR email/domain before outreach	Raw OCR: IMG_8701.HEIC	OCR raw safety-net row from screenshot; verify before outreach. Here is the list of IT SECTOR COMPANIES that are | HIRING: | careers@ontimeuae.ae | REKHA.Y@PARAMINFO.COM			
UAE / Dubai	Direct Employer	Oracle	Unclassified lead			oraclecareers@oracle.com			To Contact					Medium	Yes	Verify OCR email/domain before outreach	Raw OCR: IMG_8044.HEIC	OCR raw safety-net row from screenshot; verify before outreach. il | | | oes | \ TECH | SOFTWARE | DIGITAL | yr 1. Google UAE - careers@google.com a | 2. Microsoft Gulf — careers@microsoft.com JR			
UAE / Dubai	Direct Employer	Oracle Middle East				oraclecareers@oracle.com			To Contact					Unknown	Yes	Run company careers/LinkedIn check	Current Master Job Tracker; Original tracker: Job Application Data Extraction; Original tracker: Sheet1				
UAE / Dubai	Direct Employer	Paraminfo	Job lead / direct employer			rekha.y@paraminfo.com	Whatsapp: 4971509562357; Whatsapp: 0522516435; Whatsapp: 0567606658		To Contact					High	Yes	Verify OCR email/domain before outreach	Raw OCR: IMG_8701.HEIC	OCR raw safety-net row from screenshot; verify before outreach. Here is the list of IT SECTOR COMPANIES that are | HIRING: | careers@ontimeuae.ae | REKHA.Y@PARAMINFO.COM			
UAE / Dubai	Direct Employer	Presight AI	Company career-link lead			https://presight.ai/careers			To Contact					Medium	No	Run company careers/LinkedIn check	Current Master Job Tracker; Screenshot proposal: uae-dubai-proposed.csv; IMG_8705.HEIC; Screenshot proposal: proposed-tracker-rows-from-unknown.csv	Country/Region: UAE / GCC / MENA | Category: Company career-link lead | Source: IMG_8705.HEIC | Move from Unknown into UAE/GCC direct-employer research queue.	https://presight.ai/careers; presight.ai/careers; OCR career-link list from screenshot; web/source verification still needed before applying.		
UAE / Dubai	Direct Employer	Property Finder	Company career-link lead		careers@propertyfinder.ae	careers@propertyfinder.ae		Product Designer	Applied	2026-06-02	2026-06-02	2026-06-09	No Reply	High	Yes	Apply now with tailored resume and email	Current Master Job Tracker; Original tracker: Job Application Data Extraction; Original tracker: Sheet1; Screenshot proposal: proposed-tracker-rows-from-unknown.csv; IMG_8703.HEIC; Gmail sent last month	ATS 86/100. Tailored resume: resumes/property-finder-product-designer-resume.md. Report: resumes/property-finder-product-designer-ats-report.md. Figma: https://www.figma.com/design/or9EJUqIuF1yN5SEJ15LtP | Gmail sent id: 19e896596bf0a734 | Move from Unknown into UAE/GCC direct-employer research queue. | Tailored Product Designer application sent to Property Finder careers.	https://www.remotedxb.com/job/product-designer-property-finder; propertyfinder.ae/careers; OCR career-link list from screenshot; web/source verification still needed before applying.	19e896596bf0a734	19e896596bf0a734
UAE / Dubai	Direct Employer	Propertyfinder	Unclassified lead			careers@propertyfinder.ae			To Contact					Medium	Yes	Verify OCR email/domain before outreach	Raw OCR: IMG_8044.HEIC	OCR raw safety-net row from screenshot; verify before outreach. il | | | oes | \ TECH | SOFTWARE | DIGITAL | yr 1. Google UAE - careers@google.com a | 2. Microsoft Gulf — careers@microsoft.com JR			
UAE / Dubai	Direct Employer	PwC Middle East				careers@pwc.com			To Contact					Unknown	Yes	Run company careers/LinkedIn check	Current Master Job Tracker; Original tracker: Job Application Data Extraction; Original tracker: Sheet1				
UAE / Dubai	Direct Employer	Pyypl	Company career-link lead			https://pyypl.com/careers			To Contact					Low	Yes	Run company careers/LinkedIn check	Current Master Job Tracker; Screenshot proposal: uae-dubai-proposed.csv; IMG_8703.HEIC; Screenshot proposal: proposed-tracker-rows-from-unknown.csv	Country/Region: UAE / GCC / MENA | Category: Company career-link lead | Source: IMG_8703.HEIC | Move from Unknown into UAE/GCC direct-employer research queue.	https://pyypl.com/careers; pyypl.com/careers; OCR career-link list from screenshot; web/source verification still needed before applying.		
UAE / Dubai	Direct Employer	Rawafed	Unclassified lead			careers@rawafed.ae			To Contact					Medium	Yes	Verify OCR email/domain before outreach	Raw OCR: IMG_8334.HEIC	OCR raw safety-net row from screenshot; verify before outreach. 20. info@inspireselection.com | | 21. dxbjobs@tascoutsourcing.com | 22. request@tascoutsourcing.com | 23. info@tascoutsourcing.com			
UAE / Dubai	Direct Employer	Riderarabia	Job lead / direct employer			hr@riderarabia.com			To Contact					Medium	Yes	Verify OCR email/domain before outreach	Raw OCR: IMG_8496.HEIC	"OCR raw safety-net row from screenshot; verify before outreach. alo A C LJ | Le 4 | ""New Job opportunity in Abu Dhabi!"" | Hiring — Airport Coordinators # | T Location: Abu Dhabi, UAE"			
UAE / Dubai	Direct Employer	Rotana Hotels				https://www.rotanacareers.com/			To Contact					Unknown	Yes	Run company careers/LinkedIn check	Original tracker: Job Application Data Extraction; Original tracker: Sheet1				
UAE / Dubai	Direct Employer	RTA Dubai				hr@rta.ae			To Contact					Unknown	Yes	Run company careers/LinkedIn check	Current Master Job Tracker; Original tracker: Job Application Data Extraction; Original tracker: Sheet1				
UAE / Dubai	Direct Employer	Sap	Unclassified lead			careers@sap.com			To Contact					Medium	Yes	Verify OCR email/domain before outreach	Raw OCR: IMG_8044.HEIC	OCR raw safety-net row from screenshot; verify before outreach. il | | | oes | \ TECH | SOFTWARE | DIGITAL | yr 1. Google UAE - careers@google.com a | 2. Microsoft Gulf — careers@microsoft.com JR			
UAE / Dubai	Direct Employer	SAP Middle East				careers@sap.com			To Contact					Low	Yes	Monitor careers	Current Master Job Tracker; Original tracker: Job Application Data Extraction; Original tracker: Sheet1				
UAE / Dubai	Direct Employer	Sarwa	Company career-link lead			https://sarwa.co/careers			To Contact					Low	Yes	Run company careers/LinkedIn check	Current Master Job Tracker; Screenshot proposal: uae-dubai-proposed.csv; IMG_8703.HEIC; Screenshot proposal: proposed-tracker-rows-from-unknown.csv	Country/Region: UAE / GCC / MENA | Category: Company career-link lead | Source: IMG_8703.HEIC | Move from Unknown into UAE/GCC direct-employer research queue.	https://sarwa.co/careers; sarwa.co/careers; OCR career-link list from screenshot; web/source verification still needed before applying.		
UAE / Dubai	Direct Employer	Saudi German Hospital Dubai				careers@saudigerman.com			To Contact					Unknown	Yes	Run company careers/LinkedIn check	Current Master Job Tracker; Original tracker: Job Application Data Extraction; Original tracker: Sheet1				
UAE / Dubai	Direct Employer	Se	Unclassified lead			careers@se.com			To Contact					Medium	Yes	Verify OCR email/domain before outreach	Raw OCR: IMG_8045.HEIC	OCR raw safety-net row from screenshot; verify before outreach. | ELECTRICAL | ENGINEERING | 1. Siemens UAE - careers@siemens.com | 2. ABB Middle East — careers@abb.com | I | | 8 3. Schneider Electric - careers@se.com | i £8			
UAE / Dubai	Direct Employer	Seidor	Unclassified lead			hr.mena@seidor.com	+971565580898; +971561123978 5		To Contact					High	Yes	Verify OCR email/domain before outreach	Raw OCR: IMG_8700.HEIC	OCR raw safety-net row from screenshot; verify before outreach. Email IDs of MARKETING SECTOR in Dubai == | gmgmedical09@gmail.com | careers@lifepharmafze.com 0 | 1 hr@aljadaalmushriqa.ae F |			
UAE / Dubai	Direct Employer	Siemens	Unclassified lead			careers@siemens.com			To Contact					Medium	Yes	Verify OCR email/domain before outreach	Raw OCR: IMG_8045.HEIC	OCR raw safety-net row from screenshot; verify before outreach. | ELECTRICAL | ENGINEERING | 1. Siemens UAE - careers@siemens.com | 2. ABB Middle East — careers@abb.com | I | | 8 3. Schneider Electric - careers@se.com | i £8			
UAE / Dubai	Direct Employer	Sole DXB	Creative / culture platform			jobs@soledxb.com			To Contact					High	No	Run company careers/LinkedIn check	Current Master Job Tracker; Screenshot proposal: uae-dubai-proposed.csv; IMG_9184.HEIC; Screenshot proposal: proposed-tracker-rows-from-unknown.csv	Country/Region: UAE / Dubai | Category: Creative / culture platform | Source: IMG_9184.HEIC | Move to Dubai direct employers.	https://soledxb.com; soledxb.com; https://www.linkedin.com/company/soledxb1; https://soledxb.com/		
UAE / Dubai	Direct Employer	Spark	Unclassified lead			sparkmos@spark.ae			To Contact					Medium	Yes	Verify OCR email/domain before outreach	Raw OCR: IMG_8334.HEIC	OCR raw safety-net row from screenshot; verify before outreach. 20. info@inspireselection.com | | 21. dxbjobs@tascoutsourcing.com | 22. request@tascoutsourcing.com | 23. info@tascoutsourcing.com			
UAE / Dubai	Direct Employer	Spotii	Company career-link lead			https://spotii.me/careers			To Contact					Low	Yes	Run company careers/LinkedIn check	Current Master Job Tracker; Screenshot proposal: uae-dubai-proposed.csv; IMG_8704.HEIC; Screenshot proposal: proposed-tracker-rows-from-unknown.csv	Country/Region: UAE / GCC / MENA | Category: Company career-link lead | Source: IMG_8704.HEIC | Move from Unknown into UAE/GCC direct-employer research queue.	https://spotii.me/careers; spotii.me/careers; OCR career-link list from screenshot; web/source verification still needed before applying.		
UAE / Dubai	Direct Employer	Stake	Company career-link lead			https://getstake.com/careers			To Contact					Low	Yes	Run company careers/LinkedIn check	Current Master Job Tracker; Screenshot proposal: uae-dubai-proposed.csv; IMG_8703.HEIC; Screenshot proposal: proposed-tracker-rows-from-unknown.csv	Country/Region: UAE / GCC / MENA | Category: Company career-link lead | Source: IMG_8703.HEIC | Move from Unknown into UAE/GCC direct-employer research queue.	https://getstake.com/careers; getstake.com/careers; OCR career-link list from screenshot; web/source verification still needed before applying.		
UAE / Dubai	Direct Employer	Standard Chartered UAE				careers@sc.com			To Contact					Unknown	Yes	Run company careers/LinkedIn check	Current Master Job Tracker; Original tracker: Job Application Data Extraction; Original tracker: Sheet1				
UAE / Dubai	Direct Employer	Swvl	Company career-link lead			https://swvl.com/careers			To Contact					Low	Yes	Run company careers/LinkedIn check	Current Master Job Tracker; Screenshot proposal: uae-dubai-proposed.csv; IMG_8702.HEIC; Screenshot proposal: proposed-tracker-rows-from-unknown.csv	Country/Region: UAE / GCC / MENA | Category: Company career-link lead | Source: IMG_8702.HEIC | Move from Unknown into UAE/GCC direct-employer research queue.	https://swvl.com/careers; swvl.com/careers; OCR career-link list from screenshot; web/source verification still needed before applying.		
UAE / Dubai	Direct Employer	Tabby	Company career-link lead			https://tabby.ai/careers			To Contact					Low	Yes	Run company careers/LinkedIn check	Current Master Job Tracker; Screenshot proposal: uae-dubai-proposed.csv; IMG_8704.HEIC; Screenshot proposal: proposed-tracker-rows-from-unknown.csv	Country/Region: UAE / GCC / MENA | Category: Company career-link lead | Source: IMG_8704.HEIC | Move from Unknown into UAE/GCC direct-employer research queue.	https://tabby.ai/careers; tabby.ai/careers; OCR career-link list from screenshot; web/source verification still needed before applying.		
UAE / Dubai	Direct Employer	Talabat	Company career-link lead			careers@talabat.com; https://corporate.talabat.com/careers/			To Contact					Medium	Yes	Run company careers/LinkedIn check	Original tracker: Job Application Data Extraction; Original tracker: Sheet1; Screenshot proposal: proposed-tracker-rows-from-unknown.csv; IMG_8702.HEIC; Raw OCR: IMG_8044.HEIC	Move from Unknown into UAE/GCC direct-employer research queue. | OCR raw safety-net row from screenshot | verify before outreach. il | oes | \ TECH | SOFTWARE | DIGITAL | yr 1. Google UAE - careers@google.com a | 2. Microsoft Gulf — careers@microsoft.com JR	talabat.com/careers; OCR career-link list from screenshot; web/source verification still needed before applying.		
UAE / Dubai	Direct Employer	Talentmate	Unclassified lead			pmmo3@talentmate.com	+971565580898; +971561123978 5		To Contact					High	Yes	Verify OCR email/domain before outreach	Raw OCR: IMG_8700.HEIC	OCR raw safety-net row from screenshot; verify before outreach. Email IDs of MARKETING SECTOR in Dubai == | gmgmedical09@gmail.com | careers@lifepharmafze.com 0 | 1 hr@aljadaalmushriqa.ae F |			
UAE / Dubai	Direct Employer	Tamara	Company career-link lead			https://tamara.co/careers			To Contact					Low	Yes	Run company careers/LinkedIn check	Current Master Job Tracker; Screenshot proposal: uae-dubai-proposed.csv; IMG_8704.HEIC; Screenshot proposal: proposed-tracker-rows-from-unknown.csv	Country/Region: UAE / GCC / MENA | Category: Company career-link lead | Source: IMG_8704.HEIC | Move from Unknown into UAE/GCC direct-employer research queue.	https://tamara.co/careers; tamara.co/careers; OCR career-link list from screenshot; web/source verification still needed before applying.		
UAE / Dubai	Direct Employer	Techbridge	Unclassified lead			careers@techbridge.com	+971565580898; +971561123978 5		To Contact					High	Yes	Verify OCR email/domain before outreach	Raw OCR: IMG_8700.HEIC	OCR raw safety-net row from screenshot; verify before outreach. Email IDs of MARKETING SECTOR in Dubai == | gmgmedical09@gmail.com | careers@lifepharmafze.com 0 | 1 hr@aljadaalmushriqa.ae F |			
UAE / Dubai	Direct Employer	Tishtash	Job lead / direct employer			careers@tishtash.com			To Contact					Medium	Yes	Verify OCR email/domain before outreach	Raw OCR: IMG_8335.HEIC	OCR raw safety-net row from screenshot; verify before outreach. Ne are hiring for two distinct roles, = es | tishtashtalks We're hiring == | Two full time, video-first creators to join our Dubai HQ. | Send your CV and showreel to careers@tishtash.com			
UAE / Dubai	Direct Employer	Trukker / Tenderd	Company career-link lead			https://tenderd.com/careers			To Contact					Low	Yes	Run company careers/LinkedIn check	Current Master Job Tracker; Screenshot proposal: uae-dubai-proposed.csv; IMG_8702.HEIC; Screenshot proposal: proposed-tracker-rows-from-unknown.csv	Country/Region: UAE / GCC / MENA | Category: Company career-link lead | Source: IMG_8702.HEIC | Move from Unknown into UAE/GCC direct-employer research queue.	https://tenderd.com/careers; tenderd.com/careers; OCR career-link list from screenshot; web/source verification still needed before applying.		
UAE / Dubai	Direct Employer	Voltas	Unclassified lead			careers@voltas.com			To Contact					Medium	Yes	Verify OCR email/domain before outreach	Raw OCR: IMG_8045.HEIC	OCR raw safety-net row from screenshot; verify before outreach. | ELECTRICAL | ENGINEERING | 1. Siemens UAE - careers@siemens.com | 2. ABB Middle East — careers@abb.com | I | | 8 3. Schneider Electric - careers@se.com | i £8			
UAE / Dubai	Direct Employer	Vtalentsolution	Job lead / direct employer			phu.vuong@vtalentsolution.com	0768 875 139		To Contact					High	Yes	Verify OCR email/domain before outreach	Raw OCR: IMG_8058.HEIC	OCR raw safety-net row from screenshot; verify before outreach. Amit Yadav @ - 1st eee X | Base4d4 Vibe Coding Specialist | Al Product... | Hiring UX/UI Designer in Dubai | For more UX/UI/Product Design roles - https://			
UAE / Dubai	Direct Employer	Wio Bank	Company career-link lead			https://wio.io/careers			To Contact					Medium	No	Run company careers/LinkedIn check	Current Master Job Tracker; Screenshot proposal: uae-dubai-proposed.csv; IMG_8703.HEIC; Screenshot proposal: proposed-tracker-rows-from-unknown.csv	Country/Region: UAE / GCC / MENA | Category: Company career-link lead | Source: IMG_8703.HEIC | Move from Unknown into UAE/GCC direct-employer research queue.	https://wio.io/careers; wio.io/careers; OCR career-link list from screenshot; web/source verification still needed before applying.		
UAE / Dubai	Direct Employer	Yallacompare	Company career-link lead			https://yallacompare.com/careers			To Contact					Low	Yes	Run company careers/LinkedIn check	Current Master Job Tracker; Screenshot proposal: uae-dubai-proposed.csv; IMG_8703.HEIC; Screenshot proposal: proposed-tracker-rows-from-unknown.csv	Country/Region: UAE / GCC / MENA | Category: Company career-link lead | Source: IMG_8703.HEIC | Move from Unknown into UAE/GCC direct-employer research queue.	https://yallacompare.com/careers; yallacompare.com/careers; OCR career-link list from screenshot; web/source verification still needed before applying.		
UAE / Dubai	Direct Employer	YAP	Company career-link lead			https://yap.com/careers			To Contact					Low	Yes	Run company careers/LinkedIn check	Current Master Job Tracker; Screenshot proposal: uae-dubai-proposed.csv; IMG_8703.HEIC; Screenshot proposal: proposed-tracker-rows-from-unknown.csv	Country/Region: UAE / GCC / MENA | Category: Company career-link lead | Source: IMG_8703.HEIC | Move from Unknown into UAE/GCC direct-employer research queue.	https://yap.com/careers; yap.com/careers; OCR career-link list from screenshot; web/source verification still needed before applying.		
UAE / Dubai	Direct Employer	Ziina	Company career-link lead		anton.badashov@ziina.com; jocelyn.meyer@ziina.com	https://ziina.com/careers; anton.badashov@ziina.com; jocelyn.meyer@ziina.com		Senior Product Designer	Applied	2026-06-02	2026-06-02	2026-06-09	No Reply	High	Yes	Run company careers/LinkedIn check	Current Master Job Tracker; Screenshot proposal: uae-dubai-proposed.csv; IMG_8703.HEIC; Screenshot proposal: proposed-tracker-rows-from-unknown.csv; Gmail sent last month	Country/Region: UAE / GCC / MENA | Category: Company career-link lead | Source: IMG_8703.HEIC | Move from Unknown into UAE/GCC direct-employer research queue. | Tailored fintech/wallet UX CV sent.	https://ziina.com/careers; ziina.com/careers; OCR career-link list from screenshot; web/source verification still needed before applying.; https://job-boards.greenhouse.io/ziina/jobs/4631469101	19e898b575624043	19e898b575624043
UAE / GCC	Direct Employer	Amwal	Fintech / payments company		info@amwal.tech	info@amwal.tech		Senior Product Designer	Applied	2026-06-03	2026-06-03	2026-06-10	No Reply	High	No	Follow up if no response	Gmail sent last month	Initial tailored CV was sent as markdown then corrected with PDF in the same thread.		19e8dedb8e403e03	19e8defa3633a616
India	Direct Employer	Artgripper Studio	CGI / brand design studio			hello@artgripper.studio			To Contact					High	No	Run company careers/LinkedIn check	Current Master Job Tracker; Screenshot proposal: outside-dubai-proposed.csv; IMG_7925.HEIC; Screenshot proposal: proposed-tracker-rows-from-unknown.csv	Country/Region: India | Category: CGI / brand design studio | Source: IMG_7925.HEIC | Official site shows Indian phone number and India work examples.	https://artgripper.studio; artgripper.studio; https://artgripper.studio/		
India	Direct Employer	Artium Academy	Direct employer / product design			priya@artiumacademy.com; pallav@artiumacademy.com			To Contact					High	No	Run company careers/LinkedIn check	Current Master Job Tracker; Screenshot proposal: outside-dubai-proposed.csv; IMG_8393.HEIC	On-site product designer role in Bangalore.	https://artiumacademy.com; artiumacademy.com; OCR: IMG_8393.txt		
India	Direct Employer	ASAP Media	Creative studio hiring designer / photographer / content creator			contact@asapmedia.co.in			To Contact					High	No	Run company careers/LinkedIn check	Current Master Job Tracker; Screenshot proposal: outside-dubai-proposed.csv; IMG_8495.HEIC; Screenshot proposal: proposed-tracker-rows-from-unknown.csv	Country/Region: India | Category: Creative studio hiring designer / photographer / content creator | Source: IMG_8495.HEIC | OCR also read spam@asapmedia.co.in | treat that as OCR suspect | use contact@ first.	https://asapmedia.co.in; asapmedia.co.in; https://asapmedia.co.in/; https://in.linkedin.com/company/asap_media		
India	Direct Employer	Asapmedia	Job lead / direct employer			contact@asapmedia.co.in; spam@asapmedia.co.in			To Contact					Medium	Yes	Verify OCR email/domain before outreach	Raw OCR: IMG_8495.HEIC	OCR raw safety-net row from screenshot | verify before outreach. ASAP Media is growing and we're hiring. | Open roles: | Apply at spam@asapmedia.co.in / | contact@asapmedia.co.in			
India	Direct Employer	Byond Studio	Creative studio			team@wearebyond.com			To Contact					High	No	Run company careers/LinkedIn check	Current Master Job Tracker; Screenshot proposal: outside-dubai-proposed.csv; IMG_7877.HEIC	Hiring within Delhi only.	https://wearebyond.com; wearebyond.com; OCR: IMG_7877.txt		
India	Direct Employer	Celonis	Direct employer / careers link						To Contact					High	No	Run company careers/LinkedIn check	Current Master Job Tracker; Screenshot proposal: outside-dubai-proposed.csv; IMG_7186.HEIC	Bangalore / India careers link surfaced in the post.	https://careers.celonis.com/join-us; careers.celonis.com/join-us; OCR: IMG_7186.txt		
India	Direct Employer	Gmail contact lead	Job lead / direct employer			jaaniscafe@gmail.com			To Contact					Low	Yes	Verify OCR email/domain before outreach	Raw OCR: IMG_8711.HEIC	OCR raw safety-net row from screenshot; verify before outreach. Shoja, Himachal Pradesh, India | 'Y | BEER AAA \R | | | ERE | \ B NE EA NN : Nan | | Paid role ff ¢i¢. 6 % EERIE AL gp			
India	Direct Employer	Jaani's Cafe	Hospitality / performance role			jaaniscafe@gmail.com			To Contact					High	No	Run company careers/LinkedIn check	Current Master Job Tracker; Screenshot proposal: outside-dubai-proposed.csv; IMG_8711.HEIC	Shoja | Himachal Pradesh | paid role with stay and food covered.	OCR: IMG_8711.txt		
India	Direct Employer	LearnTube.ai	Direct employer / hybrid roles			shronit@learntube.ai; gargi@learntube.ai			To Contact					High	No	Run company careers/LinkedIn check	Current Master Job Tracker; Screenshot proposal: outside-dubai-proposed.csv; IMG_8836.HEIC	Mumbai roles with hybrid work structure.	https://learntube.ai; learntube.ai; OCR: IMG_8836.txt		
India	Direct Employer	Little Green Studio	Creative / design studio			hr@littlegreenstudio.in			To Contact					High	No	Run company careers/LinkedIn check	Current Master Job Tracker; Screenshot proposal: outside-dubai-proposed.csv; IMG_7871.HEIC; Screenshot proposal: proposed-tracker-rows-from-unknown.csv	Country/Region: India | Category: Creative / design studio | Source: IMG_7871.HEIC | Indian domain and LinkedIn hiring post.	https://littlegreenstudio.in; littlegreenstudio.in; https://in.linkedin.com/company/little-green-studio		
India	Direct Employer	Littlegreenstudio	Unclassified lead			hr@littlegreenstudio.in			To Contact					Medium	Yes	Verify OCR email/domain before outreach	Raw OCR: IMG_7871.HEIC	OCR raw safety-net row from screenshot; verify before outreach. | Brrr | Write to hr@littlegreenstudio.in with your CV & 39			
India	Direct Employer	Lovedwell	Lifestyle/design studio			info@lovedwell.com			To Contact					High	No	Run company careers/LinkedIn check	Current Master Job Tracker; Screenshot proposal: outside-dubai-proposed.csv; IMG_8482.HEIC; Screenshot proposal: proposed-tracker-rows-from-unknown.csv	Country/Region: India | Category: Lifestyle/design studio | Source: IMG_8482.HEIC | Official contact page says Simbuno India Pvt. Ltd. | Noida.	https://lovedwell.com; lovedwell.com; https://lovedwell.com/pages/contact		
India	Direct Employer	Merck	Direct employer / careers link						To Contact					High	No	Run company careers/LinkedIn check	Current Master Job Tracker; Screenshot proposal: outside-dubai-proposed.csv; IMG_7186.HEIC	Bangalore / India careers link surfaced in the post.	https://careers.merckgroup.com; careers.merckgroup.com; OCR: IMG_7186.txt		
India	Direct Employer	Museo Camera	Museum / design or creative role			contact@museocamera.org			To Contact					High	No	Run company careers/LinkedIn check	Current Master Job Tracker; Screenshot proposal: outside-dubai-proposed.csv; IMG_9156.HEIC; Screenshot proposal: proposed-tracker-rows-from-unknown.csv	Country/Region: India | Category: Museum / design or creative role | Source: IMG_9156.HEIC | Official page lists Gurugram | Haryana.	https://museocamera.org; museocamera.org; https://www.museocamera.org/working-at-museo-camera		
India	Direct Employer	Nikah Forever	Direct employer			career@nikahforever.com	WhatsApp: +91-8448293814		To Contact					High	No	Run company careers/LinkedIn check	Current Master Job Tracker; Screenshot proposal: outside-dubai-proposed.csv; IMG_7919.HEIC; Screenshot proposal: proposed-tracker-rows-from-unknown.csv	Country/Region: India | Category: Direct employer | Source: IMG_7919.HEIC | India lead | keep WhatsApp in row but not phone-only.	https://nikahforever.com; nikahforever.com; https://nikahforever.com/home/contact_us		
India	Direct Employer	Onething Design	UI/UX design agency hiring designers			people@onething.design			To Contact					High	No	Run company careers/LinkedIn check	Current Master Job Tracker; Screenshot proposal: outside-dubai-proposed.csv; IMG_7193.HEIC; Screenshot proposal: proposed-tracker-rows-from-unknown.csv	Country/Region: India | Category: UI/UX design agency hiring designers | Source: IMG_7193.HEIC | Design roles | route outside Dubai under India.	https://onething.design; onething.design; https://www.onething.design/careers		
India	Direct Employer	RAD LVNG	Consumer brand / creative role			talent@radlvng.com			To Contact					High	No	Run company careers/LinkedIn check	Current Master Job Tracker; Screenshot proposal: outside-dubai-proposed.csv; IMG_9323.HEIC; Screenshot proposal: proposed-tracker-rows-from-unknown.csv	Country/Region: India | Category: Consumer brand / creative role | Source: IMG_9323.HEIC | Official site lists Rad Brands Pvt. Ltd. | Noida | India.	https://radlvng.com; radlvng.com; https://radlvng.com/; https://radlvng.com/pages/about-us		
India	Direct Employer	ShaperCult	Direct employer / designer role			kajal@shapercult.com			To Contact					High	Yes	Run company careers/LinkedIn check	Current Master Job Tracker; Screenshot proposal: outside-dubai-proposed.csv; IMG_7975.HEIC; Raw OCR: IMG_7975.HEIC	Senior Visual Designer role in Gurugram | Haryana. | OCR raw safety-net row from screenshot | verify before outreach. Experience in D2C [ fashion / lifestyle | e-commerce | Apply kajal@shapercult.com | Set alert for similar jobs | Haryana | India	https://shapercult.com; shapercult.com; OCR: IMG_7975.txt		
India	Direct Employer	Social Watch	Digital marketing / creative agency			hr@socialwatch.io			To Contact					High	No	Run company careers/LinkedIn check	Current Master Job Tracker; Screenshot proposal: outside-dubai-proposed.csv; IMG_8730.HEIC; Screenshot proposal: proposed-tracker-rows-from-unknown.csv	Country/Region: India | Category: Digital marketing / creative agency | Source: IMG_8730.HEIC | Official careers page lists Mohali | Punjab | India.	https://socialwatch.io; socialwatch.io; https://socialwatch.io/careers/		
India	Direct Employer	Studio Murb	Design / marketing studio			hey@studiomurb.com			To Contact					Medium	No	Run company careers/LinkedIn check	Current Master Job Tracker; Screenshot proposal: outside-dubai-proposed.csv; IMG_8843.HEIC; Screenshot proposal: proposed-tracker-rows-from-unknown.csv	Country/Region: India | Category: Design / marketing studio | Source: IMG_8843.HEIC | Official site has hiring email | India inferred from web presence and projects.	https://studiomurb.com; studiomurb.com; https://www.studiomurb.com/		
India	Direct Employer	Talabat				careers@talabat.com; https://corporate.talabat.com/careers/		Staff Product Designer; Product Designer	To Contact					High	No	Tailor resume and apply	Current Master Job Tracker		https://designproject.io/jobs/staff-product-designer-global-hub-q-commerce-at-delivery-hero-devjh1; https://ae.indeed.com/viewjob?jk=4027932f0f2914b3		
India	Direct Employer	The Art Curry	Creative / internship roles			hellu@theartcurry.in			To Contact					High	No	Run company careers/LinkedIn check	Current Master Job Tracker; Screenshot proposal: outside-dubai-proposed.csv; IMG_7157.HEIC	Delhi NCR only | social media intern | design intern | photographer/videographer.	https://theartcurry.in; theartcurry.in; OCR: IMG_7157.txt		
India	Direct Employer	The Ombre	Photography / creative studio			careers@theombre.com			To Contact					High	No	Run company careers/LinkedIn check	Current Master Job Tracker; Screenshot proposal: outside-dubai-proposed.csv; IMG_8936.HEIC; Screenshot proposal: proposed-tracker-rows-from-unknown.csv	Country/Region: India | Category: Photography / creative studio | Source: IMG_8936.HEIC | Official contact page says Delhi NCR | India.	https://theombre.com; theombre.com; https://theombre.com/contact		
India	Direct Employer	WebVeda	Education / content-course company			divyam.chutani@webveda.com			To Contact					High	No	Run company careers/LinkedIn check	Current Master Job Tracker; Screenshot proposal: outside-dubai-proposed.csv; IMG_9315.HEIC; Screenshot proposal: proposed-tracker-rows-from-unknown.csv	Country/Region: India | Category: Education / content-course company | Source: IMG_9315.HEIC | Official contact page/LinkedIn place WebVeda in Faridabad | India.	https://webveda.com; webveda.com; https://webveda.com/contactus; https://in.linkedin.com/company/webveda		
India / Bangalore	Direct Employer	Artiumacademy	Job lead / direct employer			pallav@artiumacademy.com; priya@artiumacademy.com			To Contact					Medium	Yes	Verify OCR email/domain before outreach	Raw OCR: IMG_8393.HEIC	OCR raw safety-net row from screenshot | verify before outreach. 05:29 oi! + @ | We are Hiring & | priya@artiumacademy.com | pallav@artiumacademy.com			
India / Delhi	Direct Employer	Wearebyond	Job lead / direct employer			team@wearebyond.com			To Contact					Medium	Yes	Verify OCR email/domain before outreach	Raw OCR: IMG_7877.HEIC	OCR raw safety-net row from screenshot; verify before outreach. Apply at team@wearebyond.com | ® Hiring within Delhi only \'74 | #ByondStudio #HiringCreatives | #DesignJobsindia -			
India / Remote	Direct Employer	OneGraphite	Direct employer / remote product design			krunal@onegraphite.in			To Contact					High	Yes	Run company careers/LinkedIn check	Current Master Job Tracker; Screenshot proposal: outside-dubai-proposed.csv; IMG_8724.HEIC; Raw OCR: IMG_8724.HEIC	Remote UX/Product Designer role. | OCR raw safety-net row from screenshot | verify before outreach. We’ re hiring a UX / Product Designer | krunal@onegraphite.in	https://onegraphite.in; onegraphite.in; OCR: IMG_8724.txt		
Germany	Direct Employer	ABOUT YOU	Hiring company / Germany list						To Contact					High	No	Run company careers/LinkedIn check	Current Master Job Tracker; Screenshot proposal: outside-dubai-proposed.csv; IMG_9325.HEIC	Hamburg hiring-list row | no contact captured.	OCR: IMG_9325.txt		
Germany	Direct Employer	Adidas	Hiring company / Germany list						To Contact					High	No	Run company careers/LinkedIn check	Current Master Job Tracker; Screenshot proposal: outside-dubai-proposed.csv; IMG_9324.HEIC	Herzogenaurach hiring-list row | no contact captured.	OCR: IMG_9324.txt		
Germany	Direct Employer	Adjust	Hiring company / Germany list						To Contact					High	No	Run company careers/LinkedIn check	Current Master Job Tracker; Screenshot proposal: outside-dubai-proposed.csv; IMG_9324.HEIC	Berlin hiring-list row | no contact captured.	OCR: IMG_9324.txt		
Germany	Direct Employer	Atrya	Hiring company / Germany list						To Contact					High	No	Run company careers/LinkedIn check	Current Master Job Tracker; Screenshot proposal: outside-dubai-proposed.csv; IMG_9324.HEIC	Berlin hiring-list row | no contact captured.	OCR: IMG_9324.txt		
Germany	Direct Employer	Bayer	Hiring company / Germany list						To Contact					High	No	Run company careers/LinkedIn check	Current Master Job Tracker; Screenshot proposal: outside-dubai-proposed.csv; IMG_9325.HEIC	Leverkusen hiring-list row | no contact captured.	OCR: IMG_9325.txt		
Germany	Direct Employer	Blinkist	Hiring company / Germany list						To Contact					High	No	Run company careers/LinkedIn check	Current Master Job Tracker; Screenshot proposal: outside-dubai-proposed.csv; IMG_9324.HEIC	Berlin hiring-list row | no contact captured.	OCR: IMG_9324.txt		
Germany	Direct Employer	BMW Group	Hiring company / Germany list						To Contact					High	No	Run company careers/LinkedIn check	Current Master Job Tracker; Screenshot proposal: outside-dubai-proposed.csv; IMG_9324.HEIC	Munich hiring-list row | no contact captured.	OCR: IMG_9324.txt		
Germany	Direct Employer	Celonis	Hiring company / Germany list						To Contact					High	No	Run company careers/LinkedIn check	Current Master Job Tracker; Screenshot proposal: outside-dubai-proposed.csv; IMG_9324.HEIC	Munich hiring-list row | no contact captured.	OCR: IMG_9324.txt		
Germany	Direct Employer	Choco	Hiring company / Germany list						To Contact					High	No	Run company careers/LinkedIn check	Current Master Job Tracker; Screenshot proposal: outside-dubai-proposed.csv; IMG_9324.HEIC	Berlin hiring-list row | no contact captured.	OCR: IMG_9324.txt		
Germany	Direct Employer	Contentful	Hiring company / Germany list						To Contact					High	No	Run company careers/LinkedIn check	Current Master Job Tracker; Screenshot proposal: outside-dubai-proposed.csv; IMG_9324.HEIC	Berlin hiring-list row | no contact captured.	OCR: IMG_9324.txt		
Germany	Direct Employer	DastN GmbH	Hiring company / Germany list						To Contact					High	No	Run company careers/LinkedIn check	Current Master Job Tracker; Screenshot proposal: outside-dubai-proposed.csv; IMG_9325.HEIC	Germany-wide hiring-list row | no contact captured.	OCR: IMG_9325.txt		
Germany	Direct Employer	DeepL	Hiring company / Germany list						To Contact					High	No	Run company careers/LinkedIn check	Current Master Job Tracker; Screenshot proposal: outside-dubai-proposed.csv; IMG_9325.HEIC	Cologne hiring-list row | no contact captured.	OCR: IMG_9325.txt		
Germany	Direct Employer	Distribusion	Hiring company / Germany list						To Contact					High	No	Run company careers/LinkedIn check	Current Master Job Tracker; Screenshot proposal: outside-dubai-proposed.csv; IMG_9324.HEIC	Berlin hiring-list row | no contact captured.	OCR: IMG_9324.txt		
Germany	Direct Employer	exmox	Hiring company / Germany list						To Contact					High	No	Run company careers/LinkedIn check	Current Master Job Tracker; Screenshot proposal: outside-dubai-proposed.csv; IMG_9325.HEIC	Hamburg hiring-list row | no contact captured.	OCR: IMG_9325.txt		
Germany	Direct Employer	FINN	Hiring company / Germany list						To Contact					High	No	Run company careers/LinkedIn check	Current Master Job Tracker; Screenshot proposal: outside-dubai-proposed.csv; IMG_9324.HEIC	Munich hiring-list row | no contact captured.	OCR: IMG_9324.txt		
Germany	Direct Employer	Flix	Hiring company / Germany list						To Contact					High	No	Run company careers/LinkedIn check	Current Master Job Tracker; Screenshot proposal: outside-dubai-proposed.csv; IMG_9324.HEIC	Munich hiring-list row | no contact captured.	OCR: IMG_9324.txt		
Germany	Direct Employer	Forto	Hiring company / Germany list						To Contact					High	No	Run company careers/LinkedIn check	Current Master Job Tracker; Screenshot proposal: outside-dubai-proposed.csv; IMG_9324.HEIC	Berlin hiring-list row | no contact captured.	OCR: IMG_9324.txt		
Germany	Direct Employer	GetYourGuide	Hiring company / Germany list						To Contact					High	No	Run company careers/LinkedIn check	Current Master Job Tracker; Screenshot proposal: outside-dubai-proposed.csv; IMG_9324.HEIC	Berlin hiring-list row | no contact captured.	OCR: IMG_9324.txt		
Germany	Direct Employer	Helsing	Hiring company / Germany list						To Contact					High	No	Run company careers/LinkedIn check	Current Master Job Tracker; Screenshot proposal: outside-dubai-proposed.csv; IMG_9324.HEIC	Munich hiring-list row | no contact captured.	OCR: IMG_9324.txt		
Germany	Direct Employer	Infineon Technologies	Hiring company / Germany list						To Contact					High	No	Run company careers/LinkedIn check	Current Master Job Tracker; Screenshot proposal: outside-dubai-proposed.csv; IMG_9324.HEIC	Munich hiring-list row | no contact captured.	OCR: IMG_9324.txt		
Germany	Direct Employer	Kaufland e-commerce	Hiring company / Germany list						To Contact					High	No	Run company careers/LinkedIn check	Current Master Job Tracker; Screenshot proposal: outside-dubai-proposed.csv; IMG_9325.HEIC	Cologne hiring-list row | no contact captured.	OCR: IMG_9325.txt		
Germany	Direct Employer	Kombo	Hiring company / Germany list						To Contact					High	No	Run company careers/LinkedIn check	Current Master Job Tracker; Screenshot proposal: outside-dubai-proposed.csv; IMG_9324.HEIC	Berlin hiring-list row | no contact captured.	OCR: IMG_9324.txt		
Germany	Direct Employer	Lilium	Hiring company / Germany list						To Contact					High	No	Run company careers/LinkedIn check	Current Master Job Tracker; Screenshot proposal: outside-dubai-proposed.csv; IMG_9324.HEIC	Munich hiring-list row | no contact captured.	OCR: IMG_9324.txt		
Germany	Direct Employer	LILLYDOO	Hiring company / Germany list						To Contact					High	No	Run company careers/LinkedIn check	Current Master Job Tracker; Screenshot proposal: outside-dubai-proposed.csv; IMG_9325.HEIC	Frankfurt hiring-list row | no contact captured.	OCR: IMG_9325.txt		
Germany	Direct Employer	Lufthansa Systems	Hiring company / Germany list						To Contact					High	No	Run company careers/LinkedIn check	Current Master Job Tracker; Screenshot proposal: outside-dubai-proposed.csv; IMG_9325.HEIC	Raunheim hiring-list row | no contact captured.	OCR: IMG_9325.txt		
Germany	Direct Employer	Mambo	Hiring company / Germany list						To Contact					High	No	Run company careers/LinkedIn check	Current Master Job Tracker; Screenshot proposal: outside-dubai-proposed.csv; IMG_9324.HEIC	Berlin hiring-list row | no contact captured.	OCR: IMG_9324.txt		
Germany	Direct Employer	Monika Saleta	Job lead / direct employer			job@monikasaleta.com			To Contact					High	No	Run company careers/LinkedIn check	Current Master Job Tracker; Screenshot proposal: outside-dubai-proposed.csv; IMG_8951.HEIC	Remote Europe role | company HQ location is Germany.	https://monikasaleta.com; monikasaleta.com; OCR: IMG_8951.txt		
Germany	Direct Employer	Omio	Hiring company / Germany list						To Contact					High	No	Run company careers/LinkedIn check	Current Master Job Tracker; Screenshot proposal: outside-dubai-proposed.csv; IMG_9324.HEIC	Berlin hiring-list row | no contact captured.	OCR: IMG_9324.txt		
Germany	Direct Employer	Personio	Hiring company / Germany list						To Contact					High	No	Run company careers/LinkedIn check	Current Master Job Tracker; Screenshot proposal: outside-dubai-proposed.csv; IMG_9324.HEIC	Munich hiring-list row | no contact captured.	OCR: IMG_9324.txt		
Germany	Direct Employer	Raisin	Hiring company / Germany list						To Contact					High	No	Run company careers/LinkedIn check	Current Master Job Tracker; Screenshot proposal: outside-dubai-proposed.csv; IMG_9324.HEIC	Berlin hiring-list row | no contact captured.	OCR: IMG_9324.txt		
Germany	Direct Employer	SAP	Hiring company / Germany list						To Contact					High	No	Run company careers/LinkedIn check	Current Master Job Tracker; Screenshot proposal: outside-dubai-proposed.csv; IMG_9324.HEIC	Walldorf hiring-list row | no contact captured.	OCR: IMG_9324.txt		
Germany	Direct Employer	Siemens	Hiring company / Germany list						To Contact					High	No	Run company careers/LinkedIn check	Current Master Job Tracker; Screenshot proposal: outside-dubai-proposed.csv; IMG_9324.HEIC	Munich hiring-list row | no contact captured.	OCR: IMG_9324.txt		
Germany	Direct Employer	Solaris	Hiring company / Germany list						To Contact					High	No	Run company careers/LinkedIn check	Current Master Job Tracker; Screenshot proposal: outside-dubai-proposed.csv; IMG_9324.HEIC	Berlin hiring-list row | no contact captured.	OCR: IMG_9324.txt		
Germany	Direct Employer	Sonarsource	Hiring company / Germany list						To Contact					High	No	Run company careers/LinkedIn check	Current Master Job Tracker; Screenshot proposal: outside-dubai-proposed.csv; IMG_9325.HEIC	Bochum hiring-list row | no contact captured.	OCR: IMG_9325.txt		
Germany	Direct Employer	SumUp	Hiring company / Germany list						To Contact					High	No	Run company careers/LinkedIn check	Current Master Job Tracker; Screenshot proposal: outside-dubai-proposed.csv; IMG_9324.HEIC	Berlin hiring-list row | no contact captured.	OCR: IMG_9324.txt		
Germany	Direct Employer	Taxfix	Hiring company / Germany list						To Contact					High	No	Run company careers/LinkedIn check	Current Master Job Tracker; Screenshot proposal: outside-dubai-proposed.csv; IMG_9324.HEIC	Berlin hiring-list row | no contact captured.	OCR: IMG_9324.txt		
Germany	Direct Employer	TRUECHART	Hiring company / Germany list						To Contact					High	No	Run company careers/LinkedIn check	Current Master Job Tracker; Screenshot proposal: outside-dubai-proposed.csv; IMG_9325.HEIC	Southern Germany hiring-list row | no contact captured.	OCR: IMG_9325.txt		
Germany	Direct Employer	Volkswagen Group	Hiring company / Germany list						To Contact					High	No	Run company careers/LinkedIn check	Current Master Job Tracker; Screenshot proposal: outside-dubai-proposed.csv; IMG_9325.HEIC	Wolfsburg hiring-list row | no contact captured.	OCR: IMG_9325.txt		
Germany	Direct Employer	Volocopter	Hiring company / Germany list						To Contact					High	No	Run company careers/LinkedIn check	Current Master Job Tracker; Screenshot proposal: outside-dubai-proposed.csv; IMG_9325.HEIC	Bruchsal hiring-list row | no contact captured.	OCR: IMG_9325.txt		
Germany	Direct Employer	Wolt Germany	Hiring company / Germany list						To Contact					High	No	Run company careers/LinkedIn check	Current Master Job Tracker; Screenshot proposal: outside-dubai-proposed.csv; IMG_9324.HEIC	Berlin hiring-list row | no contact captured.	OCR: IMG_9324.txt		
Germany / USA / Remote / Hybrid	Direct Employer	Monikasaleta	Job lead / direct employer			job@monikasaleta.com			To Contact					High	Yes	Verify OCR email/domain before outreach	Raw OCR: IMG_8951.HEIC	"OCR raw safety-net row from screenshot; verify before outreach. @"" UI/UX Designer | Email job@monikasaleta.com if your skills closely match | the role (this is the only way to apply — no LinkedIn | by the client will be contacted directly by their recruiters"			
United Kingdom	Direct Employer	ARK Schools	Visa-sponsored employer list						To Contact					High	No	Run company careers/LinkedIn check	Current Master Job Tracker; Screenshot proposal: outside-dubai-proposed.csv; IMG_8733.HEIC	Croydon | Teaching Assistant / early education support roles.	OCR: IMG_8733.txt		
United Kingdom	Direct Employer	Capgemini	Visa-sponsored employer list						To Contact					High	No	Run company careers/LinkedIn check	Current Master Job Tracker; Screenshot proposal: outside-dubai-proposed.csv; IMG_8733.HEIC	Manchester | Glasgow | Birmingham | Bristol | Software Engineer | Data Analyst | Consulting | Digital Transformation.	OCR: IMG_8733.txt		
United Kingdom	Direct Employer	Lloyds Banking Group	Visa-sponsored employer list						To Contact					High	No	Run company careers/LinkedIn check	Current Master Job Tracker; Screenshot proposal: outside-dubai-proposed.csv; IMG_8733.HEIC	Leeds | Manchester | Bristol | Edinburgh | Tech & Data | Software Engineering | Finance | Risk & Analytics.	OCR: IMG_8733.txt		
United Kingdom	Direct Employer	Medivet	Visa-sponsored employer list						To Contact					High	No	Run company careers/LinkedIn check	Current Master Job Tracker; Screenshot proposal: outside-dubai-proposed.csv; IMG_8733.HEIC	Birmingham | Manchester | Leeds | Nottingham | Bristol | Cambridge | Veterinary Surgeon / clinical roles.	OCR: IMG_8733.txt		
United Kingdom	Direct Employer	MSQUIRE IT Services Ltd	Visa-sponsored employer list						To Contact					High	No	Run company careers/LinkedIn check	Current Master Job Tracker; Screenshot proposal: outside-dubai-proposed.csv; IMG_8733.HEIC	Reading | Business Analyst | Data Analyst | Tech Consulting.	OCR: IMG_8733.txt		
United Kingdom	Direct Employer	YotoPlay	UK product company	Matthew Jackson	matthew.jackson@yotoplay.com	matthew.jackson@yotoplay.com		Senior Product Designer (Core App)	Rejected / Appeal Sent	2026-05-15	2026-05-15		Rejected	High	No	No action unless they respond to appeal	Gmail sent last month	Sent response after rejection asking for chance to present work before being ruled out.	https://www.yotoplay.com	19e2b240c88e4c44	19e2b24375391537
France / Remote	Direct Employer	Dozamenart	Creative agency / remote			Dozamenart.hiring@gmail.com			To Contact					High	No	Run company careers/LinkedIn check	Current Master Job Tracker; Screenshot proposal: outside-dubai-proposed.csv; IMG_8492.HEIC	Paris / Remote | Gmail contact but country is explicit in the post.	OCR: IMG_8492.txt		
Worldwide / Remote	Direct Employer	ADCB				careers@adcb.com			Applied					Low	Yes	Monitor and outreach	Current Master Job Tracker				
Worldwide / Remote	Direct Employer	Al Thawiya	Unclassified lead			enquiry@al-thawiya.com			To Contact					Medium	Yes	Verify OCR email/domain before outreach	Raw OCR: IMG_8334.HEIC	OCR raw safety-net row from screenshot; verify before outreach. 20. info@inspireselection.com | | 21. dxbjobs@tascoutsourcing.com | 22. request@tascoutsourcing.com | 23. info@tascoutsourcing.com			
Worldwide / Remote	Direct Employer	Almansoorgroup	Unclassified lead			info@almansoorgroup.com			To Contact					Medium	Yes	Verify OCR email/domain before outreach	Raw OCR: IMG_8334.HEIC	OCR raw safety-net row from screenshot; verify before outreach. 20. info@inspireselection.com | | 21. dxbjobs@tascoutsourcing.com | 22. request@tascoutsourcing.com | 23. info@tascoutsourcing.com			
Worldwide / Remote	Direct Employer	Alnahiya	Unclassified lead			enquiries@alnahiya.com			To Contact					Medium	Yes	Verify OCR email/domain before outreach	Raw OCR: IMG_8334.HEIC	OCR raw safety-net row from screenshot; verify before outreach. 20. info@inspireselection.com | | 21. dxbjobs@tascoutsourcing.com | 22. request@tascoutsourcing.com | 23. info@tascoutsourcing.com			
Worldwide / Remote	Direct Employer	Alvakil	Unclassified lead			adminmumbai@alvakil.net; jobs@alvakil.net			To Contact					Medium	Yes	Verify OCR email/domain before outreach	Raw OCR: IMG_8334.HEIC	OCR raw safety-net row from screenshot | verify before outreach. 20. info@inspireselection.com | 21. dxbjobs@tascoutsourcing.com | 22. request@tascoutsourcing.com | 23. info@tascoutsourcing.com			
Worldwide / Remote	Direct Employer	Antal	Unclassified lead			info@antal.com			To Contact					Medium	Yes	Verify OCR email/domain before outreach	Raw OCR: IMG_8334.HEIC	OCR raw safety-net row from screenshot; verify before outreach. 20. info@inspireselection.com | | 21. dxbjobs@tascoutsourcing.com | 22. request@tascoutsourcing.com | 23. info@tascoutsourcing.com			
Worldwide / Remote	Direct Employer	Artgripper	Unclassified lead			hello@artgripper.studio			To Contact					Medium	Yes	Verify OCR email/domain before outreach	Raw OCR: IMG_7925.HEIC	OCR raw safety-net row from screenshot; verify before outreach. send port | i | hello@artgripper.studio			
Worldwide / Remote	Direct Employer	Aster DM Healthcare				careers@asterhospital.com			To Contact					Unknown	Yes	Run company careers/LinkedIn check	Current Master Job Tracker				
Worldwide / Remote	Direct Employer	Bayt.com				hr@bayt.com			To Contact					Unknown	Yes	Run company careers/LinkedIn check	Current Master Job Tracker				
Worldwide / Remote	Direct Employer	Brandfy	Job lead / direct employer			info@brandfy.net			To Contact					Medium	Yes	Verify OCR email/domain before outreach	Raw OCR: IMG_6882.HEIC	OCR raw safety-net row from screenshot; verify before outreach. 4:20 9 2! 56 @ | To Apply Send your CV To info@brandfy.net W, | SWIPE for hiring! \74 | Apply now: info@brandfy.net			
Worldwide / Remote	Direct Employer	Bsd	Job lead / direct employer			amlanjyotibharali@bsd.ed	6000236346; 9620045916 - 1		To Contact					Medium	Yes	Verify OCR email/domain before outreach	Raw OCR: IMG_9183.HEIC	OCR raw safety-net row from screenshot; verify before outreach. © amlanjyotibharali@bsd.ed | N AX/UX/UI Designer | Product Designer | We're excited to announce an opening for the coe			
Worldwide / Remote	Direct Employer	Crevia Media	Media / creative company inferred from email domain	Wadood	wadood@creviamedia.com	wadood@creviamedia.com		Senior Product Designer	Applied	2026-06-04	2026-06-04	2026-06-11	No Reply	Medium	Yes	Follow up if this was a job lead from chat or referral	Gmail sent last month	Sent short profile email with portfolio and contact details.		19e933148c6fb3d7	19e93316e4ed50e0
Worldwide / Remote	Direct Employer	DAMAC Properties				careers@damacgroup.com			To Contact					Unknown	Yes	Run company careers/LinkedIn check	Current Master Job Tracker				
Worldwide / Remote	Direct Employer	DP World				careers@dpworld.com			To Contact					Unknown	Yes	Run company careers/LinkedIn check	Current Master Job Tracker				
Worldwide / Remote	Direct Employer	Emergent AI	AI product/company lead	Disha	disha@emergent.sh	disha@emergent.sh		Product Designer	Applied	2026-06-01	2026-06-01	2026-06-08	No Reply	Medium	No	Follow up only if still a priority	Gmail sent last month	Sent request for an opportunity to prove fit after prior applications.	https://emergent.sh	19e82fd92df63aab	19e82fd92df63aab
Worldwide / Remote	Direct Employer	Emirates Group				careers@emirates.com; https://www.emiratesgroupcareers.com/			To Contact					Unknown	Yes	Run company careers/LinkedIn check	Current Master Job Tracker				
Worldwide / Remote	Direct Employer	Emirates NBD				careers@emiratesnbd.com		Senior Product Designer (Design Systems); older Product Designer listing	To Contact					Medium	No	Apply via GSSTech or verify direct careers	Current Master Job Tracker		https://www.glassdoor.com/job-listing/senior-product-designer-design-systems-gsstech-group-JV_IC2204498_KO0%2C38_KE39%2C52.htm?jl=1010083370981; https://www.hubmub.com/jobs/596850/product-designer		
Worldwide / Remote	Direct Employer	EVOQ (Real Estate)				WhatsApp: +971523321256			To Contact					Unknown	Yes	Run company careers/LinkedIn check	Current Master Job Tracker				
Worldwide / Remote	Direct Employer	Executivesolutionsme	Unclassified lead			info@executivesolutionsme.com			To Contact					Medium	Yes	Verify OCR email/domain before outreach	Raw OCR: IMG_8334.HEIC	OCR raw safety-net row from screenshot; verify before outreach. 20. info@inspireselection.com | | 21. dxbjobs@tascoutsourcing.com | 22. request@tascoutsourcing.com | 23. info@tascoutsourcing.com			
Worldwide / Remote	Direct Employer	Expertsrecruitment	Unclassified lead			gaile@expertsrecruitment.com			To Contact					Medium	Yes	Verify OCR email/domain before outreach	Raw OCR: IMG_8334.HEIC	OCR raw safety-net row from screenshot; verify before outreach. 20. info@inspireselection.com | | 21. dxbjobs@tascoutsourcing.com | 22. request@tascoutsourcing.com | 23. info@tascoutsourcing.com			
Worldwide / Remote	Direct Employer	Gmail contact lead	Job lead / direct employer			dozamenart.hiring@gmail.com			To Contact					Medium	Yes	Verify OCR email/domain before outreach	Raw OCR: IMG_8492.HEIC	OCR raw safety-net row from screenshot; verify before outreach. dozamenart WE ARE HIRING. | DM or Dozamenart.hiring@gmail.com			
Worldwide / Remote	Direct Employer	Gmail contact lead	Job lead / direct employer			neerajiwtwrs@gmail.com			To Contact					Medium	Yes	Verify OCR email/domain before outreach	Raw OCR: IMG_8949.HEIC	OCR raw safety-net row from screenshot; verify before outreach. ET = - bo a — = | Si | Hiring: | neerajiwtwrs@gmail.com			
Worldwide / Remote	Direct Employer	Gmail contact lead	Unclassified lead			sukhakala.id@gmail.com			To Contact					Low	Yes	Verify OCR email/domain before outreach	Raw OCR: IMG_9185.HEIC	OCR raw safety-net row from screenshot; verify before outreach. sukhakala.id@gmail.com | | i | a A - d | et = ol nt			
Worldwide / Remote	Direct Employer	Gmail contact lead	Unclassified lead			shivanimainacc@gmail.com			To Contact					Low	Yes	Verify OCR email/domain before outreach	Raw OCR: IMG_9218.HEIC	OCR raw safety-net row from screenshot; verify before outreach. § AN Shivani Verma | Corporate Life Comedy | Corporate life memes that hurt @ | Collabs | Promotions | UGC | shivanimainacc@gmail.com			
Worldwide / Remote	Direct Employer	Holy Studio	Remote creative studio			hi@holystudio.co			To Contact					High	No	Run company careers/LinkedIn check	Current Master Job Tracker; Screenshot proposal: outside-dubai-proposed.csv; IMG_8359.HEIC	Remote-friendly mid-level designer role.	https://holystudio.co; holystudio.co; OCR: IMG_8359.txt		
Worldwide / Remote	Direct Employer	Holystudio	Job lead / direct employer			hi@holystudio.co			To Contact					High	Yes	Verify OCR email/domain before outreach	Raw OCR: IMG_8359.HEIC	OCR raw safety-net row from screenshot; verify before outreach. HI@HOLYSTUDIOCO | holystudio.co OPEN ROLE / MID LEVEL DESIGNER | Remote friendly role | Portfolios to hi@holystudio.co			
Worldwide / Remote	Direct Employer	Inspireselection	Unclassified lead			info@inspireselection.com			To Contact					Medium	Yes	Verify OCR email/domain before outreach	Raw OCR: IMG_8334.HEIC	OCR raw safety-net row from screenshot; verify before outreach. 20. info@inspireselection.com | | 21. dxbjobs@tascoutsourcing.com | 22. request@tascoutsourcing.com | 23. info@tascoutsourcing.com			
Worldwide / Remote	Direct Employer	Jumeirah Group				careers@jumeirah.com			To Contact					Unknown	Yes	Run company careers/LinkedIn check	Current Master Job Tracker				
Worldwide / Remote	Direct Employer	Jvi Global	Unclassified lead			employers@jvi-global.com			To Contact					Medium	Yes	Verify OCR email/domain before outreach	Raw OCR: IMG_8334.HEIC	OCR raw safety-net row from screenshot; verify before outreach. 20. info@inspireselection.com | | 21. dxbjobs@tascoutsourcing.com | 22. request@tascoutsourcing.com | 23. info@tascoutsourcing.com			
Worldwide / Remote	Direct Employer	Kershawleonard	Unclassified lead			mike@kershawleonard.net			To Contact					Medium	Yes	Verify OCR email/domain before outreach	Raw OCR: IMG_8334.HEIC	OCR raw safety-net row from screenshot; verify before outreach. 20. info@inspireselection.com | | 21. dxbjobs@tascoutsourcing.com | 22. request@tascoutsourcing.com | 23. info@tascoutsourcing.com			
Worldwide / Remote	Direct Employer	Lovedwell	Job lead / direct employer			info@lovedwell.com			To Contact					Medium	Yes	Verify OCR email/domain before outreach	Raw OCR: IMG_8482.HEIC	OCR raw safety-net row from screenshot; verify before outreach. 03:47 @ HIRO 28 J | To Apply: | to info@lovedwell.com | Go) lovedwell_ | Follow N74			
Worldwide / Remote	Direct Employer	Majid Al Futtaim				https://careers.majidalfuttaim.com/			To Contact					Unknown	Yes	Run company careers/LinkedIn check	Current Master Job Tracker				
Worldwide / Remote	Direct Employer	Mashreq Bank				careers@mashreqbank.com			To Contact					Low	Yes	Monitor and outreach	Current Master Job Tracker				
Worldwide / Remote	Direct Employer	Microsoft Gulf				careers@microsoft.com		UX Designer result found outside UAE	To Contact					Low	Yes	Monitor careers	Current Master Job Tracker		https://designproject.io/jobs/jobs/ux-designer-ii-at-microsoft-x2ydsb		
Worldwide / Remote	Direct Employer	Museocamera	Unclassified lead			contact@museocamera.org			To Contact					Medium	Yes	Verify OCR email/domain before outreach	Raw OCR: IMG_9156.HEIC	OCR raw safety-net row from screenshot; verify before outreach. Open roles: | Send your CV/portfolio to contact@museocamera.org			
Worldwide / Remote	Direct Employer	Nakheel				careers@nakheel.com			To Contact					Unknown	Yes	Run company careers/LinkedIn check	Current Master Job Tracker				
Worldwide / Remote	Direct Employer	Nikahforever	Job lead / direct employer			career@nikahforever.com	WhatsApp: +91-8448293814		To Contact					Medium	Yes	Verify OCR email/domain before outreach	Raw OCR: IMG_7919.HEIC	OCR raw safety-net row from screenshot; verify before outreach. Ready to make a difference? Apply Now! N74 | BE Send your CV to: [career@nikahforever.com]			
Worldwide / Remote	Direct Employer	Noon				talent@noon.com; careers@noon.com		Product Designer result found, likely Gurgaon not Dubai	To Contact					Low	Yes	Verify location before applying	Current Master Job Tracker		https://jobs.weekday.works/noon-product-designer		
Worldwide / Remote	Direct Employer	Pfaffmotorsports	Job lead / direct employer			jobs@pfaffmotorsports.com			To Contact					Medium	Yes	Verify OCR email/domain before outreach	Raw OCR: IMG_7207.HEIC	OCR raw safety-net row from screenshot; verify before outreach. HOW TO APPLY? | jobs@pfaffmotorsports.com			
Worldwide / Remote	Direct Employer	Radlvng	Job lead / direct employer			talent@radlvng.com			To Contact					High	Yes	Verify OCR email/domain before outreach	Raw OCR: IMG_9323.HEIC	OCR raw safety-net row from screenshot; verify before outreach. Just tell us what drives you, what role | talent@radlvng.com | Subject: your name | the role you | Just tell us what drives you, what role			
Worldwide / Remote	Direct Employer	Randstad	Unclassified lead			corporate.communications@randstad.com			To Contact					Medium	Yes	Verify OCR email/domain before outreach	Raw OCR: IMG_8334.HEIC	OCR raw safety-net row from screenshot; verify before outreach. 20. info@inspireselection.com | | 21. dxbjobs@tascoutsourcing.com | 22. request@tascoutsourcing.com | 23. info@tascoutsourcing.com			
Worldwide / Remote	Direct Employer	Remote recruiter lead	Job lead / direct employer			muhammedmujitaba@zohomail.com			To Contact					High	Yes	Verify OCR email/domain before outreach	Raw OCR: IMG_9213.HEIC	OCR raw safety-net row from screenshot; verify before outreach. Ba IT Student | Ai Creative designer | D... | Hiring: UIJUX Designer | Apply: muhammedmujitaba@zohomail.com | #UIUXDesign #RemoteJobs #HiringNow #DesignJobs			
Worldwide / Remote	Direct Employer	Reslink	Unclassified lead			team@reslink.org	91-8303982425		To Contact					High	Yes	Verify OCR email/domain before outreach	Raw OCR: IMG_8744.HEIC	OCR raw safety-net row from screenshot; verify before outreach. team@reslink.org			
Worldwide / Remote	Direct Employer	Robertocastano	Job lead / direct employer			thephotobrapher@robertocastano.com; thephotographer@robertocastano.com			To Contact					Medium	Yes	Verify OCR email/domain before outreach	Raw OCR: IMG_8475.HEIC	OCR raw safety-net row from screenshot | verify before outreach. WE'RE HIRING | APPLY WITH CV AND PORTFOLIOTO: a | THEPHOTOBRAPHER@ROBERTOCASTANO.COM { | Si estas interesad@ puedes enviarnos tu portafolio a:			
Worldwide / Remote	Direct Employer	Rotana Hotels				https://www.rotanacareers.com/			To Contact					Unknown	Yes	Run company careers/LinkedIn check	Current Master Job Tracker				
Worldwide / Remote	Direct Employer	Shellconsultancy	Job lead / direct employer			careers@shellconsultancy.com			To Contact					Medium	Yes	Verify OCR email/domain before outreach	Raw OCR: IMG_8710.HEIC	OCR raw safety-net row from screenshot; verify before outreach. 21:27 4 oil TF @& | \apko job-dilwaye | | Fe Jig at ESN ko | at careers@shellconsultancy.com 40			
Worldwide / Remote	Direct Employer	Sitech	Job lead / direct employer			alaa@sitech.me			To Contact					High	Yes	Verify OCR email/domain before outreach	Raw OCR: IMG_9321.HEIC	"OCR raw safety-net row from screenshot; verify before outreach. Hiring | Drop your masterpiece right here: Bl alaa@sitech.me | "" Hello how can | apply WY,"			
Worldwide / Remote	Direct Employer	Socialwatch	Job lead / direct employer			hr@socialwatch.io			To Contact					Low	Yes	Verify OCR email/domain before outreach	Raw OCR: IMG_8730.HEIC	OCR raw safety-net row from screenshot; verify before outreach. FN | bi 4 : | socialwatchofficial WE ARE HIRING!! | We're looking for talented people to join our team. (All roles | Bm Reach out to us at [hr@socialwatch.io]			
Worldwide / Remote	Direct Employer	Soledxb	Unclassified lead			jobs@soledxb.com			To Contact					Medium	Yes	Verify OCR email/domain before outreach	Raw OCR: IMG_9184.HEIC	"OCR raw safety-net row from screenshot; verify before outreach. | pi i 8 ""ad b SL iE | to jobs@soledxb.com"			
Worldwide / Remote	Direct Employer	Ssaltd	Unclassified lead			ilan.mclean@ssaltd.com			To Contact					Medium	Yes	Verify OCR email/domain before outreach	Raw OCR: IMG_8334.HEIC	OCR raw safety-net row from screenshot; verify before outreach. 20. info@inspireselection.com | | 21. dxbjobs@tascoutsourcing.com | 22. request@tascoutsourcing.com | 23. info@tascoutsourcing.com			
Worldwide / Remote	Direct Employer	Style Elevated	Remote design / strategy role			hello@style-elevated.com			To Contact					High	Yes	Run company careers/LinkedIn check	Current Master Job Tracker; Screenshot proposal: outside-dubai-proposed.csv; IMG_9180.HEIC; Raw OCR: IMG_9180.HEIC	Remote role | similar time zone to EST preferred. | OCR raw safety-net row from screenshot | verify before outreach. To Apply | hello@style-elevated.com for review § @ | /@z%\ Vvincvixon 11h | § | Heyy | this sounds like a great for for me! I'll be ~~ CD	https://style-elevated.com; style-elevated.com; OCR: IMG_9180.txt		
Worldwide / Remote	Direct Employer	Talascend	Unclassified lead			talascend.marketing@talascend.com			To Contact					Medium	Yes	Verify OCR email/domain before outreach	Raw OCR: IMG_8334.HEIC	OCR raw safety-net row from screenshot; verify before outreach. 20. info@inspireselection.com | | 21. dxbjobs@tascoutsourcing.com | 22. request@tascoutsourcing.com | 23. info@tascoutsourcing.com			
Worldwide / Remote	Direct Employer	Tascoutsourcing	Unclassified lead			dxbjobs@tascoutsourcing.com; info@tascoutsourcing.com; request@tascoutsourcing.com			To Contact					Medium	Yes	Verify OCR email/domain before outreach	Raw OCR: IMG_8334.HEIC	OCR raw safety-net row from screenshot | verify before outreach. 20. info@inspireselection.com | 21. dxbjobs@tascoutsourcing.com | 22. request@tascoutsourcing.com | 23. info@tascoutsourcing.com			
Worldwide / Remote	Direct Employer	Theombre	Job lead / direct employer			careers@theombre.com			To Contact					Medium	Yes	Verify OCR email/domain before outreach	Raw OCR: IMG_8936.HEIC	OCR raw safety-net row from screenshot; verify before outreach. | J i | ombrebyhj We're hiring across roles. | Bm careers@theombre.com			
Worldwide / Remote	Direct Employer	UI/UX Designer (Remote - Global)	Remote product design role			muhammedmujitaba@zohomail.com			To Contact					High	No	Run company careers/LinkedIn check	Current Master Job Tracker; Screenshot proposal: outside-dubai-proposed.csv; IMG_9213.HEIC	Product design / technology / SaaS | global remote role.	OCR: IMG_9213.txt		
Worldwide / Remote	Direct Employer	Walks of Dubai	Remote job lead			hr@walksofdubai.com			To Contact					Medium	No	Run company careers/LinkedIn check	Current Master Job Tracker; Screenshot proposal: outside-dubai-proposed.csv; IMG_8071.HEIC	Remote post | Dubai-branded domain | but no country is explicit in OCR.	https://walksofdubai.com; walksofdubai.com; OCR: IMG_8071.txt		
Worldwide / Remote	Direct Employer	Walksofdubai	Unclassified lead			hr@walksofdubai.com			To Contact					Low	Yes	Verify OCR email/domain before outreach	Raw OCR: IMG_8071.HEIC	OCR raw safety-net row from screenshot; verify before outreach. i. | Aad ° | oma ni ECS | AINCAR | ee T | + | Tig pt HR —— le a= | AR a. ¢ | ONE foxeriigelanceundo Art Follow ||| i			
Worldwide / Remote	Direct Employer	Webveda	Job lead / direct employer			divyam.chutani@webveda.com			To Contact					High	Yes	Verify OCR email/domain before outreach	Raw OCR: IMG_9315.HEIC	OCR raw safety-net row from screenshot; verify before outreach. @ docs.google.com | We appreciate the time you are taking to apply | email on divyam.chutani@webveda.com			
Worldwide / Remote	Direct Employer	Ziina				anton.badashov@ziina.com; jocelyn.meyer@ziina.com		Senior Product Designer	Applied		2026-06-02	2026-06-09		High	No	Follow up in one week if no reply	Current Master Job Tracker	Sent tailored Ziina fintech CV. Gmail sent id: 19e898b575624043	https://job-boards.greenhouse.io/ziina/jobs/4631469101		
Canada	Direct Employer	Pfaff Motorsports	Direct employer / motorsports			jobs@pfaffmotorsports.com			To Contact					High	No	Run company careers/LinkedIn check	Current Master Job Tracker; Screenshot proposal: outside-dubai-proposed.csv; IMG_7207.HEIC; Screenshot proposal: proposed-tracker-rows-from-unknown.csv	Country/Region: Canada | Category: Direct employer / motorsports | Source: IMG_7207.HEIC | Canadian motorsports employer | not UAE.	https://pfaffmotorsports.com; pfaffmotorsports.com; https://www.pfaffmotorsports.com/team; https://ca.linkedin.com/company/pfaff-motorsports		
Egypt	Direct Employer	Brandfy Agency	Creative / digital marketing agency			info@brandfy.net			To Contact					High	No	Run company careers/LinkedIn check	Current Master Job Tracker; Screenshot proposal: outside-dubai-proposed.csv; IMG_6882.HEIC; Screenshot proposal: proposed-tracker-rows-from-unknown.csv	Country/Region: Egypt | Category: Creative / digital marketing agency | Source: IMG_6882.HEIC | Website/LinkedIn place Brandfy in Cairo | Egypt. Do not put in Dubai.	https://brandfy.net; brandfy.net; https://brandfy.net/contact-us/; https://www.linkedin.com/company/brandfyagency		
Jordan / MENA	Direct Employer	Sitech	IT services / product design company			alaa@sitech.me			To Contact					High	No	Run company careers/LinkedIn check	Current Master Job Tracker; Screenshot proposal: outside-dubai-proposed.csv; IMG_9321.HEIC; Screenshot proposal: proposed-tracker-rows-from-unknown.csv	Country/Region: Jordan / MENA | Category: IT services / product design company | Source: IMG_9321.HEIC | LinkedIn places Sitech in Amman | Jordan.	https://sitech.me; sitech.me; https://www.linkedin.com/company/sitechinc		
Mumbai / Hybrid	Direct Employer	Learntube	Job lead / direct employer			gargi@learntube.ai; shronit@learntube.ai			To Contact					High	Yes	Verify OCR email/domain before outreach	Raw OCR: IMG_8836.HEIC	"OCR raw safety-net row from screenshot | verify before outreach. #HiringNow for FIVE roles | with our LearnTube promises: | @"" Bots don't read your applications | our team does | @"" We will give you feedback (if you genuinely want it) | @"" We will not judge you basis your college and pedigree"	https://Inkd.in/d-73kxGFAll		
Spain	Direct Employer	Roberto Castano	Photography / creative role			thephotographer@robertocastano.com			To Contact					Medium	No	Run company careers/LinkedIn check	Current Master Job Tracker; Screenshot proposal: outside-dubai-proposed.csv; IMG_8475.HEIC; Screenshot proposal: proposed-tracker-rows-from-unknown.csv	Country/Region: Spain | Category: Photography / creative role | Source: IMG_8475.HEIC | Behance lists Ibiza | Spain | OCR also duplicated uppercase email.	https://robertocastano.com; robertocastano.com; https://www.behance.net/robertocastano		
