Company / Agency,Recipients,Specialisation Line,Subject,Status,Gmail Sent ID
ADMS UAE,info@admsuae.com,UAE hiring and manpower support,Product Designer for UAE roles - Mohd Hayaat Ali,Ready to Send,
AKRS,info@akrs.ae,UAE recruitment and staffing,Product Designer for UAE roles - Mohd Hayaat Ali,Ready to Send,
ASRS,Info@asrs.ae,UAE recruitment and staffing,Product Designer for UAE roles - Mohd Hayaat Ali,Ready to Send,
Adecco,adeccoae.info@adecco.com,"IT, digital, permanent recruitment, and staffing across the UAE",Product Designer for UAE roles - Mohd Hayaat Ali,Ready to Send,
Al Mansoor Group,info@almansoorgroup.com,UAE recruitment and manpower services,Product Designer for UAE roles - Mohd Hayaat Ali,Ready to Send,
Al Nahiya,"enquiries@alnahiya.com, info@alnahiya.com",UAE recruitment and manpower services,Product Designer for UAE roles - Mohd Hayaat Ali,Ready to Send,
Al Thawiya,enquiry@al-thawiya.com,UAE recruitment and staffing,Product Designer for UAE roles - Mohd Hayaat Ali,Ready to Send,
Al Vakil,"jobs@alvakil.net, adminmumbai@alvakil.net",GCC recruitment and overseas hiring,Product Designer for UAE roles - Mohd Hayaat Ali,Ready to Send,
Antal,info@antal.com,professional and specialist recruitment,Product Designer for UAE roles - Mohd Hayaat Ali,Ready to Send,
BAC Middle East,"recruit@bacme.com, submit@bacme.com",UAE professional recruitment,Product Designer for UAE roles - Mohd Hayaat Ali,Ready to Send,
CIG,info@cig.ae,UAE recruitment and staffing,Product Designer for UAE roles - Mohd Hayaat Ali,Ready to Send,
Derby Group,info@derbygroup.ae,UAE staffing and outsourcing,Product Designer for UAE roles - Mohd Hayaat Ali,Ready to Send,
Emirates Net,mansoor@emirates.net.ae,UAE recruitment and staffing,Product Designer for UAE roles - Mohd Hayaat Ali,Ready to Send,
Executive Solutions ME,info@executivesolutionsme.com,executive and professional hiring in the Middle East,Product Designer for UAE roles - Mohd Hayaat Ali,Ready to Send,
Experts Recruitment,gaile@expertsrecruitment.com,UAE recruitment and staffing,Product Designer for UAE roles - Mohd Hayaat Ali,Ready to Send,
Hays,clientmiddleeast@hays.com,"Middle East IT, technology, contract, and permanent recruitment",Product Designer for UAE roles - Mohd Hayaat Ali,Ready to Send,
Horizon Group,horizongroup@horizon.ae,UAE recruitment and manpower services,Product Designer for UAE roles - Mohd Hayaat Ali,Ready to Send,
Innovation UAE,recruitment@innovationuae.com,"UAE recruitment, outsourcing, and staffing",Product Designer for UAE roles - Mohd Hayaat Ali,Ready to Send,
Inspire Selection,info@inspireselection.com,"Dubai professional recruitment across digital, banking, fintech, sales, marketing, and technology",Product Designer for UAE roles - Mohd Hayaat Ali,Ready to Send,
JVI Global,jobseekers@jvi-global.com,global recruitment and jobseeker placement,Product Designer for UAE roles - Mohd Hayaat Ali,Ready to Send,
Kershaw Leonard,mike@kershawleonard.net,Dubai professional recruitment and executive search,Product Designer for UAE roles - Mohd Hayaat Ali,Ready to Send,
Lobo Management,lobo@lobomanagement.com,"GCC technology, startup, digital, and executive recruitment",Product Designer for UAE roles - Mohd Hayaat Ali,Ready to Send,
Mackenzie Jones,info@mackenziejones.com,Middle East technology and digital recruitment,Product Designer for UAE roles - Mohd Hayaat Ali,Ready to Send,
Manpower Middle East,info@manpower-me.com,"GCC permanent, contingent, outsourcing, and workforce solutions",Product Designer for UAE roles - Mohd Hayaat Ali,Ready to Send,
Michael Page,clientmiddleeast@michaelpage.ae,"Middle East Digital and Technology recruitment including UI/UX, Product, and eCommerce",Product Designer for UAE roles - Mohd Hayaat Ali,Ready to Send,
Nadia Global,Contact@nadiaglobal.com,"UAE recruitment across IT, technology, digital, consumer, e-commerce, finance, and healthcare",Product Designer for UAE roles - Mohd Hayaat Ali,Ready to Send,
Nathan HR,info@nathanhr.com,"UAE recruitment, HR, and staffing support",Product Designer for UAE roles - Mohd Hayaat Ali,Ready to Send,
Pact Employment,info@pactemployment.ae,UAE staffing and recruitment,Product Designer for UAE roles - Mohd Hayaat Ali,Ready to Send,
Randstad,corporate.communications@randstad.com,global staffing and professional recruitment,Product Designer for UAE roles - Mohd Hayaat Ali,Ready to Send,
Rawafed,careers@rawafed.ae,UAE recruitment and staffing,Product Designer for UAE roles - Mohd Hayaat Ali,Ready to Send,
Reach Group,jobs@reachgroup.ae,UAE recruitment and outsourcing,Product Designer for UAE roles - Mohd Hayaat Ali,Ready to Send,
Receptionist PA,info@receptionistpa.com,UAE admin and staffing support,Product Designer for UAE roles - Mohd Hayaat Ali,Ready to Send,
SSA Ltd,ian.mclean@ssaltd.com,specialist recruitment across GCC built environment and professional roles,Product Designer for UAE roles - Mohd Hayaat Ali,Ready to Send,
Sawaeed,info@sawaeed.ae,"UAE staffing, outsourcing, and manpower services",Product Designer for UAE roles - Mohd Hayaat Ali,Ready to Send,
Spark,sparkmos@spark.ae,UAE recruitment and staffing,Product Designer for UAE roles - Mohd Hayaat Ali,Ready to Send,
Sundus Recruitment,"cv@sundusrecruitment.com, info@sundusrecruitment.com",UAE recruitment and outsourcing with technology and project roles,Product Designer for UAE roles - Mohd Hayaat Ali,Ready to Send,
TASC Outsourcing,"dxbjobs@tascoutsourcing.com, request@tascoutsourcing.com, info@tascoutsourcing.com","UAE recruitment, outsourcing, contract staffing, managed services, and tech talent through AIQU",Product Designer for UAE roles - Mohd Hayaat Ali,Ready to Send,
Talascend,talascend.marketing@talascend.com,technical and professional staffing,Product Designer for UAE roles - Mohd Hayaat Ali,Ready to Send,
UHRS,info@uhrs.ae,"UAE HR, staffing, and recruitment support",Product Designer for UAE roles - Mohd Hayaat Ali,Ready to Send,
Xperts Jobs,cv@xpertsjobs.com,UAE job placement and recruitment,Product Designer for UAE roles - Mohd Hayaat Ali,Ready to Send,
